CGCGATATCGCG,0,
CGCGCG,0,
CG,0,
GTACGTAC,0,
CGCGCGTTTTCGCGCG,0,
AAGTACAAACTTTCTTGTAT,0,
CCAGGCCTGG,0,
GGTATACC,0,
CGCATATATGCG,0,
ACCGGCCGGT,0,
CGTACG,0,
GTGTACAC,0,
CGCGUG,0,
CGATCG,0,
CGTACG,0,
CGCGAATTCGCG,0,
CGCAAAAATGCG,0,
CCAGGCCTGG,0,
GG,0,
CGCAAGCTGGCG,0,
TCTATCACCG,0,
CGTACG,0,
CATGCATG,0,
CGTACG,0,
CCCCCGCGGGGG,0,
CCAACGTTGG,0,
CGATCGATCG,0,
AAAAC,0,
AATACCACTGGCGGTGATAT,0,
CGAGCTCG,0,
TATCACCGCGGGTGAT,0,
CGTGAATTCACG,0,
TTTTGCCATGTAATTACCT,0,
CCGGAGGACAGTCCTCCGG,0,
CGCGAATTTGCG,0,
GCCCGGGC,0,
CGCGCG,0,
CGATTAATCG,0,
CGTACG,0,
CGUACG,0,
CGCGCG,0,
CGCG,0,
CGCAGAATTCGCG,0,
GC,0,
CGCGAAAACGCG,0,
CGATATATCG,0,
CGUACG,0,
CGCGAATTAGCG,0,
CGCAAATTGCG,0,
GTCTAGAC,0,
TGATC,0,
CGCAAATTTGCG,0,
GTGCGCAC,0,
CG,0,
AT,0,
CGATCGATCG,0,
GGGTATACGC,0,
TGGCC,0,
GGGATATCCC,0,
CGCAAAAAAGCG,0,
CCAACTTGG,0,
GTATAATG,0,
ATGAGCGAAT,0,
GCGTATACGC,0,
GGGGTTTTGGGG,0,
TGTAC,0,
GTATATAC,0,
CCGGCGCCGG,0,
GCGTACGTACGC,0,
CGGCCG,0,
CCGTACGTACGG,0,
CGCGCG,0,
UGCGCG,0,
GCGTATACGC,0,
CTCTAGAG,0,
CGCAAATTCGCG,0,
GCGCGC,0,
GGGGCTCC,0,
GGGGTCCC,0,
GGGCTCC,0,
GCGTATACGC,0,
CGCGAAAAAACG,0,
GCGTATACGC,0,
AAGGCCTT,0,
CGCGAATTCGCG,0,
CGCGAATTGGCG,0,
CGCAATTCGCG,0,
CCAAATTGG,0,
GGUAUACC,0,
CGCGAATTTGCG,0,
CGCAATTAGCG,0,
CGCGAATTAGCG,0,
CGCAAATTGGCG,0,
CATGGCCATG,0,
AGCGTACTAGTACGCT,0,
CGTAGATCTACG,0,
ACATGTAATTCATTTACACGC,0,
AGCGTGGGCGT,0,
TTCCTATGACTCATCCAGTT,0,
TTTT,0,
AGATAAAC,0,
TTAGACGTCT,0,
GAAAGCCATTAGAG,0,
GTCACATG,0,
GGGCGCCC,0,
TTTCGTCTTGGGTGGTCCACG,0,
CGGGCG,0,
CGAGAATTCGCG,0,
GCGGGCCCGC,0,
CGCGCG,0,
GATATC,0,
GCGATCGC,0,
CCGACCGACGTCGGTCG,0,
TGTACTAGTTAACTAGTAC,0,
TATACAATGTATCTTGTTTG,0,
AAGTACAGTTTTTCTTGTAT,0,
AATTGTGAGCG,0,
ACGCC,0,
CCAGAACATCGATGTTCTG,0,
GGTATAC,0,
CTCTAGTGCTCAC,0,
GCGAAAAGTGTGACATAT,0,
TTT,0,
CGAC,0,
TTGGGGT,0,
GCCGTTAACGGC,0,
TGTTTTTGATAAG,0,
CCTATTC,0,
GGTTGGTGTGGTTGG,0,
AGGGTTAGGGTTAGGGTTAGGG,0,
AGCTTGCCTTGAG,0,
TCCTCCTTTTTTAGGAGGATTT,0,
CC,0,
CCAAGCTTGG,0,
CCCGGCCGGG,0,
CCGGCGCCGG,0,
CGCGAATTAGCG,0,
TATAGTAGAGTGCTTCTATCAT,0,
TGGAGATGACGTCATCTCC,0,
TCG,0,
CGCGAATTCAGCG,0,
CTAATAAGGATAACGTCCG,0,
GGGCGCCG,0,
TCAACAGCTGTTG,0,
TGTATGCAAATAAGG,0,
CCATTAATGG,0,
GCGTATACGC,0,
CGCG,0,
AT,0,
GCGAATGAGC,0,
CGCAAATTGGCG,0,
GAACAGGTTTTTCCTGTTCTTT,0,
GAAGCTTC,0,
TTGGGGTTGGGGTTGGGGTTGG,0,
GAACTC,0,
GCCTCGCGGCGGC,0,
CCCT,0,
GTATATAAAACGGGTGGCGTTT,0,
AAAGAT,0,
AAAGATATCTT,0,
TCGCGAATTCGCG,0,
CACGTCT,0,
CCGCGG,0,
CGCGTTAACGCG,0,
GGCCGGCC,0,
CCCC,0,
CCCCGGGG,0,
GACGTC,0,
CCCC,0,
TCC,0,
CCT,0,
TGACCAGCTGGTC,0,
TCGGCAATTGCCG,0,
CTCTCGAGAG,0,
ACACGTGT,0,
CCAGCGCTGG,0,
CGCGAATTCGCG,0,
CCTAACTGACACACAT,0,
TCGCG,0,
CGCGTATACGCG,0,
GTGGAATGGAAC,0,
CCGGCGCCGG,0,
CCTTTTC,0,
GACATGTC,0,
GATAGCGCTATC,0,
CGCTAGCG,0,
AATGGATGAGTCATAGGAG,0,
GCATGCT,0,
TTTCCTAGACTTGCCCAATT,0,
TATGGATCCAT,0,
CACGCG,0,
GGGGTTTTGGGGTTTTGGGGTT,0,
CCUTCCTAATTAGGCCATG,0,
CGCACG,0,
AACGTCACGGTTGAC,0,
TAACCC,0,
TT,0,
TAGCTAGCT,0,
GCGAATTCG,0,
GCGTACGC,0,
GCACAAAC,0,
ACCAGCAGGCCACCAGTG,0,
GGGGTUTUGGGGTTTTGGGGUU,0,
TCCCCC,0,
CGTGAATTCGCG,0,
GCTATAATGG,0,
CGCATATAGCC,0,
AACGAAAACGTTTTCGT,0,
CCAGACUGAAGAUCUGG,0,
CCAGGTCACAGTGACCTG,0,
GGCGACCCUGAUGAGGCCGAAAGGCCGAAACCGU,0,
GGTCACGAG,0,
CGCGCG,0,
CATTAG,0,
CATCTGT,0,
CGTTTTTACG,0,
TACATGTAATTTATTACATC,0,
CCCC,0,
AGGCATGCCT,0,
CCCC,0,
GCGTATACGC,0,
CCGGCCCGG,0,
ACCCGCGGGT,0,
ATCGCGTTGCGCT,0,
GAATTGTGAGCGCTCACAATT,0,
ACGTACGT,0,
TGGGGT,0,
GCGATATACGC,0,
CTCTCTTCGGCTTCTTCT,0,
CATAGCTATG,0,
CGCAATTGCG,0,
CGTACG,0,
AGGCATGCCT,0,
CCCAAT,0,
TTCCAGAACATGTTCTGG,0,
GGAGAUGAC,0,
GCAGTGTCCGATAATTTAT,0,
GGAGAUGAC,0,
GCGCGC,0,
GCCGGC,0,
GCGCGC,0,
GCCGGC,0,
GCGTACGCG,0,
CGCTCTAGAGCG,0,
AGATGGGGAATCCCCTAG,0,
GCATGTGTACG,0,
AAGCGCTT,0,
CCGGGCCCGG,0,
TGTATGTATATAAAAC,0,
CGTACTAGTTAACTAGTACG,0,
TGTAATCAGATTAT,0,
CGGTGG,0,
CGCGAATTCGCG,0,
CTCGAG,0,
GCACGCGTGC,0,
CAATGCAATG,0,
AGATAGAACCCCTTCTATCTT,0,
CGCGCG,0,
CGTATATATACG,0,
GUAUAUAC,0,
CGCGAATTCGCG,0,
CGCGAAUUCGCG,0,
CGCGAATTCGCG,0,
CGGCCG,0,
GGCATGCC,0,
GGCCAATTGG,0,
CGCGCG,0,
GACATAGC,0,
CCCGGG,0,
GGCTATAAAAGGGCTG,0,
TCATTTGGG,0,
CGCGAATTCGCG,0,
CGCGAATTCGCG,0,
CATTAG,0,
CATCTG,0,
GATGCTTC,0,
ATGCGCAT,0,
UUCGGGCGCC,0,
AGGGTCTCCATTTTGAAGCG,0,
TGGGAATTCCC,0,
CCACCCC,0,
GCAGTGGC,0,
CTGCTATAAAAGGCTG,0,
GCGAAAAATGTGAT,0,
CCTCC,0,
CGACGATCGT,0,
GATAGCGCTATC,0,
GATAGCGCTATC,0,
CAAAGAAAAG,0,
CACGTG,0,
CAGCTG,0,
CATATG,0,
CCGCACACCCACACACCAG,0,
GGAGAUGAC,0,
CAATTG,0,
AAAAAGGGGAAGTGGG,0,
CGGTGCAACAAATTGATAAGC,0,
GGGTTTTGGG,0,
CGCAATCTGCG,0,
TCGAGCCGGAAGTTCG,0,
CGTACG,0,
GTGGAATGCAATGGAAC,0,
CAGGTCATTUCAGGTCAG,0,
CGGATCCG,0,
ATGAGGCAGAACT,0,
GCCACCAGCTC,0,
ATACCTCTTGC,0,
GCGATCCG,0,
GATCGAAACGTAGCGCCTTCG,0,
TACGCAAACGTTTGCGT,0,
CCUCTGGTCTCC,0,
ACCGCCGGCGCC,0,
ACCGCCGGCGCC,0,
CCCCCGG,0,
CACTCCTGGTTTTTCCAGGAGT,0,
GCGCGCGCGC,0,
AGAGAGAACCCCTTCTCTCTT,0,
CCGGGCCCGG,0,
CCGGGCCCGG,0,
CCGGGCCCGG,0,
CCCTAGGG,0,
CCGGGCCCGG,0,
CCGACCACGCATCAGC,0,
ATTCATTC,0,
CCGACGGCGCATCAGC,0,
CAGTCCTC,0,
CGCGTTTCTGCGC,0,
AACTTACTTTUUAAAGC,0,
ATCGCCGGCATG,0,
ATCCTAGTTATAGGAT,0,
CTGGATCCAG,0,
GCTAGC,0,
GCGCGCGC,0,
GCGCGCGC,0,
GCGCGCGC,0,
GCGCGCGC,0,
GCGCGCGC,0,
CCATGCGCTGAC,0,
GCGCGCG,0,
GACTAATTGAC,0,
GCGCGCG,0,
CGGACAGAAG,0,
CGGACAGAAG,0,
CGGACAGAAG,0,
CGGACAGAAG,0,
GGCAGGTGGTG,0,
TAGG,0,
GGCAGGTGGTG,0,
TTAGTTACAACATACT,0,
TTGGATGGGAGACCG,0,
TGGAGCTG,0,
CACCCGGTCACGTGGCCTAC,0,
GTGTAGGTCACGTGACCTACAC,0,
CGGACAAGAAG,0,
CCATCGATCC,0,
GUGUGUAC,0,
CATATC,0,
CTACC,0,
GUAUGUAC,0,
ACGTACGU,0,
GACCGCGGTC,0,
GGGAAATTCCTC,0,
CCCCCCCC,0,
T,0,
CACCACGTGGT,0,
CATGTGACGTCACATG,0,
TGCGC,0,
AGGGGGGGTCCTATAGAACTT,0,
TCGGATGATAACGCTAGTC,0,
GTACAAAGTAC,0,
CGCGAACGCG,0,
TGATTATCTG,0,
GCCGAGAGTAC,0,
CCTTTACC,0,
CAGTGATAGAGAC,0,
AATTTCACACCTAGGTGTG,0,
CAGCGATAGAGAC,0,
GTTGCAGATAAACATT,0,
CCCGATGCGGCAATTCGGG,0,
GAGAGATCTCTC,0,
TCCTCATGTATATACATGAGG,0,
GTCACATTAAT,0,
CCAGGCCTGG,0,
GAGAGATCTCTCCTCTCT,0,
GCCAGTGCC,0,
C,0,
TTT,0,
GCTTACG,0,
GAGAAGTGAAAGTACTTTCACT,0,
CCGCCGGCGG,0,
CCTGGTCC,0,
GATTACCTAATAGGGAAATTT,0,
AAUGACCGGAAGTACACCGG,0,
GCTCCCATGGTTTTTGTGCACG,0,
CTCACACGTGGGACTAG,0,
ACCTGGGGGAGTATTGCGGAGG,0,
GAAGAGAAGC,0,
GAAGAGAAGC,0,
GGCCGCGGCC,0,
CCGGCGCCGG,0,
CCGGCGCCGG,0,
GTACGCGTAC,0,
CGCGAATATCGCG,0,
CGCGAATATACGCG,0,
AGAGAG,0,
TACATGTAAAAATTTACATC,0,
GCGTCAGG,0,
GCGTCAGG,0,
CGGCTGGAAATUUCCAGCCG,0,
TTTTGCCATGTAATCCCCGG,0,
CGGCTGGAAATTTCCAGCCG,0,
TTGGAAAATTTGTTTCATAG,0,
AGCGTGGGACC,0,
AGCGTGGGCAC,0,
GGGGAATCCCC,0,
CCTTTCCTTTACCTTTCC,0,
GCGGTTTGCGG,0,
CGAGGAAAATTG,0,
TTGACTCTCTTAAGAGAGTC,0,
TGACAATGTCATCCC,0,
CCATCGCTACC,0,
CTCTCACTTCC,0,
AACGCTACCATCC,0,
CTCGGCGCCATC,0,
TTTTTTTTTTTTTTTT,0,
CGCGUAATTTGCG,0,
CGGCCG,0,
ACGGGCCTGGTTAGTACCTGG,0,
TTGCAGTGGGGTGATCT,0,
TGGCCG,0,
CGGCCG,0,
CCCGCGGG,0,
CGCGAAAACGCC,0,
GCGTATACGC,0,
GCGTAACGC,0,
GCGTATACGC,0,
GGCAGGTGGTG,0,
TCCCGTTTCC,0,
TAGAATGTAGGTCAG,0,
GGCAATTGCG,0,
ACAGTTTCCCGTAAATGC,0,
AGAAG,0,
TGUCACGUGUACT,0,
AAGG,0,
AAAAAGACTTAGAAAAATTTTT,0,
AAAAAGACTTAGAAAAAUUTTT,0,
AAAAAGACUUTGAAAAAUUUU,0,
GGGGATTTAGCAAAACGTGGC,0,
AAAGACTCTT,0,
AAGACTCTT,0,
ACGGGAAGCCAACTCCG,0,
ACTATCACCGCGGGTGATAC,0,
CACGCG,0,
CGCATTGTTACC,0,
ATCAATATCCACCTGCAGATTC,0,
GCAGUGGC,0,
AGAAAGCCATTAGAG,0,
ATGGCGCCCGAACAGGGAC,0,
CTATAGATTC,0,
TATAACTTCGTATAG,0,
ATATAATTAGGATAGCTTTACC,0,
CTAGCGCGCTAG,0,
GGGCTTTTGGGC,0,
CCAGTACTGG,0,
TTGACTCTCTT,0,
AACCCC,0,
CACCCTTTGAAGCTC,0,
GACATGTTGCCT,0,
CAACTAGGTCACUAGGTCAG,0,
CGGGATATCCC,0,
GCTTAUG,0,
GTAATTAC,0,
CCTCTGGTCTCC,0,
GTCAGCGCATGG,0,
CCATGCGCTGAC,0,
CCCCC,0,
TACCGGAAGT,0,
TATCGAT,0,
CTGGGGACTTTCCAGG,0,
CCCCC,0,
ACAACTGCAGTTGT,0,
TGGGGACTTTCC,0,
TGTGTCAAGTGGCTGT,0,
ATGCACCGGCGCTCGAACAGGG,0,
GCGAATATCGC,0,
GGGAAGCATATGCTTCCC,0,
TTCTTCTTC,0,
GCGAATTCGC,0,
GCAAAACGTCGTGAGACAGTTT,0,
GACCACGGCGCC,0,
GCATCATGC,0,
GCATGATGCT,0,
GCATGATGC,0,
GCATATGATAG,0,
CGTGACGTTACG,0,
TGCATTTCCCGTAAATCT,0,
CGTACCCATGC,0,
UUUUUUUU,0,
AGGGGCCCCT,0,
CGCCCGCGGGCG,0,
GACAGGATGTG,0,
GCACGAATTAAG,0,
GCTTACGC,0,
ACTCTATGATTGATCGGCTG,0,
GGACAGAUGGGAG,0,
TGGGGGCTT,0,
CGTATATACG,0,
ACCCT,0,
TAGCCGCCAGC,0,
TGACCAGGGCAAACGGTAGGTG,0,
GACTGAGAGACGT,0,
ATTTTCGCGCGGTTTT,0,
CGUACG,0,
GCAGTGCTCGTTTTT,0,
TTTTT,0,
GTCGCCATAAATCAC,0,
CCTCGCTCTC,0,
CCGAAAAGGTCATGCG,0,
GGTTCTAGAACC,0,
CTGTAAATCTT,0,
CTGTATCTT,0,
TATAGTGAGTCGTATT,0,
TCGCGATTCGCG,0,
GACCACGTGGTC,0,
TACGCAACCGGTTGCGT,0,
CCGCCGGCGG,0,
CGCATTACGC,0,
TACGCAATCGATTGCGT,0,
TACGCAAGCGCTTGCGT,0,
GCACGAATTAAG,0,
TATAACTTCGTATAGCATATGC,0,
GGGGCGCCCC,0,
TCGCG,0,
ACCGGCGCCAC,0,
CGCATATTTGCG,0,
CCUCTCTGGACCTTCC,0,
TTGGCC,0,
TCGCGCG,0,
GCTTAAAATAACAATAC,0,
CTGGGAATTTCCCAG,0,
AAGCATTTTCACGCATGAGTGC,0,
GGCGAATTCGCG,0,
ATGCAT,0,
GCGAATTCGCG,0,
TTAGATATCTAGATATCT,0,
GAGACGTCTC,0,
TTAGACGTCTAGACGTCT,0,
ACCCGGGT,0,
GACCACGGCGCT,0,
GACCACGGCGC,0,
GACCACGGCGCG,0,
CAGTCTAGACAT,0,
TTAGACGTCATGACGTCT,0,
GCGTTAACGC,0,
CTACTGCTTTAG,0,
GCGTCC,0,
GGAGGAT,0,
GAACCGGTTC,0,
GAACTGGTTC,0,
TCTTCCTTTTCCTTCTCCCGAG,0,
CGCGTTTTGCGC,0,
GAGTAGTAAATTC,0,
ATGCGCAC,0,
AAGTGAAAGUG,0,
GCACCTTCCTGC,0,
CTGCTCACTTTCCAGG,0,
ACCGGTACCGGT,0,
ACCGACGTCGGT,0,
CCAGGCCTGG,0,
GCGAAAGCT,0,
GCGGAACTACT,0,
GCATCGAAAAAGCTACG,0,
CCGAAUGAGG,0,
CCGAATGAGG,0,
TAGGGTTAGGG,0,
ACGCTATTATCGCTATTAGT,0,
GCGCTATTATCGCTATTAGC,0,
GCGTUCGC,0,
AGAGTAAAGTTTAAATACTTAT,0,
CCCGTGCACTCAATGCAAT,0,
GCATGCATATGCATGC,0,
ATGGTGCTC,0,
TTUT,0,
TCGAUC,0,
GCGTAUACGC,0,
TTTTTTTTTTTTTTTTTTT,0,
ACGTACCTGGCT,0,
TATAAGTTCGTATAGCATACAT,0,
AACGAAAATATTTTCGT,0,
CATGAGTAC,0,
CGUGAUCGC,0,
ATCGCCTAATAGGCGAT,0,
GCGATATCGC,0,
TGACCAGCTGGTC,0,
CGCGAATTCGCG,0,
CGCGAATCCGCG,0,
CUCCUCCGCGCG,0,
GAATTGTGAGCGCTCACAATTC,0,
GGGCGCCTATAAAAGGGG,0,
CTAGGTCAAAGGTCAG,0,
CCAGATCTGG,0,
AAGGTTTTAAGG,0,
CTAGAGGATCCTTTUGGATCCT,0,
GCGCGAAACTGTTTCGCGC,0,
GCGTCCCGACGACG,0,
GCTACGATCG,0,
CTAC,0,
CGACCAACGTGTCGCCTGGTCG,0,
TGCCATTTTATAGC,0,
TGCCCGTTTATAGC,0,
GTGG,0,
CTTTTGCAAAAG,0,
TGCCCTTTTATAGC,0,
TGCCCTTTTATTGC,0,
TGCCCATTTATAGC,0,
TGCCCTTTTAAAGC,0,
TGCCCTTTTGTAGC,0,
TGCCCTTTAATAGC,0,
TGCCCTTATATAGC,0,
TGCCCTATTATAGC,0,
TGCCCTCTTATAGC,0,
CCTGTGACAAATTGCCCTCAGT,0,
GUTGCAAC,0,
TATTATAGATCTAT,0,
GTGATCGC,0,
GTGATCAC,0,
CCTATCAATGATAG,0,
GAGAGGAAGAG,0,
CGUTACCAUGGTAACG,0,
CATGGGCCCATG,0,
GCCAATTGGC,0,
GCTGCCACCG,0,
AAAGCTATTATTAGCTT,0,
GACATGATGCCT,0,
GCGTCCAGGTCTACC,0,
CCCTAACCCTAACCCUAACCCT,0,
CGCGAATCTCCGCG,0,
CTCGGCTATTAATAGCCGAG,0,
GGAGG,0,
CTCGTG,0,
GAAGATATCTT,0,
GAAGATATCTTC,0,
AAAGATATCTT,0,
CAAGATATCTT,0,
GTCCCTGTTCGGGCGCC,0,
TGGTGGC,0,
TTTCATGCATG,0,
GCGTATACGC,0,
CGCATTACGC,0,
CGCAAATTTGCG,0,
TGACCGGAAGTGT,0,
CCGGTACCGG,0,
CCGGGACCGG,0,
CCGCTAGCGG,0,
TGACAGCACTGAATGTCAAAG,0,
CCACTAGTGG,0,
AGGATCCTUTTGGATCCT,0,
TGGGCGGT,0,
CCCCC,0,
TACG,0,
CGCATTAACGC,0,
CTCTTCTTC,0,
CAGTGAGTCAC,0,
TGTAUATCTT,0,
TGTUATCTT,0,
AGGGT,0,
GUAUACAC,0,
CTCCTCTTC,0,
CAGGTCAAAGGTCAG,0,
AGGAGAGAGAUGGGUGCGAG,0,
TGGATTC,0,
AAGTTGGGATTGT,0,
ATTAGGTTAGCCTACCCTAAT,0,
CCCCCCCCCCCCCCCCCCCCCC,0,
TGGCTACCTT,0,
CAAAAAGACTCAGAAAAATTTT,0,
CCTAGG,0,
GGCGCC,0,
GGCGCC,0,
UUCCAGUGCGGAGUCUGGAGACACCCAGGGGGAAGCGAAGACCCUAUGGAGCUUUACUGCAGGCUGUCGCUGAGACGUGGUCGCCGAUG,0,
GGCGCC,0,
TAAGTTCCTATTC,0,
AACATGCAAGGCTAAGGTTAGC,0,
CCAGCGCTGG,0,
AGGTTACGTAACC,0,
TATCATCGAT,0,
CACAAACAGCAC,0,
CGCGCGCGCG,0,
CACAAAC,0,
GCGACGCTAGCGTGCGGCTCGT,0,
CGCUACGC,0,
GTACG,0,
GUACG,0,
ATAGGACGCTGACACTGGTGCT,0,
GGGTTCAGG,0,
CCTTTTCAGTAATCTG,0,
CCTTGGCTGACGTCAGCCAAG,0,
TAGTCAAGGGC,0,
TGATAGCGCTATC,0,
GACATGATTGCCT,0,
GACATGATTGCC,0,
CGUACG,0,
CGATCTGGTCCGACCAGATGCT,0,
ACCCTCCCCTTAGGGGAGGGT,0,
CATTCATT,0,
TGCTCGCT,0,
CGCGAATUCGCG,0,
AGGCGCCT,0,
TGCG,0,
CGTACG,0,
TT,0,
TATACTCGAGTAT,0,
GTTCGATGTC,0,
GGCTCAATATCG,0,
CCGCAACCACAGAGTT,0,
GAAGATTTCCAAACTCTGTGGT,0,
GCGTT,0,
GGCAAGAAACGG,0,
GGCAAAAAACGG,0,
TTTCC,0,
UCAGCCACUUUUUAAAAGAAAAG,0,
GTTGCGGTTG,0,
GCAAAACGTCGTG,0,
GCGTATACGC,0,
CGAAACTGTCTCACGACGTTTT,0,
GCGTAACGC,0,
GCGTAACGC,0,
GATCTGGTCGTACCAGATG,0,
GCUUCGGCU,0,
GCUUCGGCUC,0,
GCGATATACGU,0,
GGTAGACCTGGACGC,0,
CGTGCACCCGCTTGCGGCGACT,0,
CACTAATTGAAGG,0,
CGCATGGTACGC,0,
AATAGGCGTCG,0,
AAATGCCTGGTCT,0,
CCATTCCAUTCCUTTCC,0,
GCUUCGGCU,0,
GGACTTCGGTACC,0,
CGATCGAUCG,0,
GTATCCGGATAC,0,
CCAAAG,0,
CTATGAACATAATGTTCATAG,0,
ACAGGTAAGCAGTCCGCG,0,
GGCGCC,0,
GGCGCC,0,
GGCGCC,0,
GGCGCC,0,
GGTTTTGGCAGGGTTTTGGT,0,
GATGGCCTAATTAGGACTTCCG,0,
CGCAACTT,0,
CGGTCACGAGG,0,
AGATTGCATTGAGTGCACGGTT,0,
TAATTGAATT,0,
TTGGCTATAAAAGGGCTCC,0,
CAACCGAATTCGGTTG,0,
TTCTTGGGTCTACCGTTTAAT,0,
CCACCGGAAC,0,
GATAC,0,
TGCCACGCCGGCGTGGC,0,
GTTTTTAGTTTATTGGGCGCG,0,
CCAAAGAAACTGGG,0,
CCAAAGACTGGG,0,
GTCGTC,0,
GACGCTATAAAAGGAG,0,
GTGGTATACCAC,0,
CGCGAATTCGCG,0,
ATGGGCGCGCCCAT,0,
GGGAGGTTTGGGAT,0,
CGCAAATTCGCG,0,
,0,
CGTGCGGATC,0,
AGGAACGTTCCU,0,
CCTGCACAAACACC,0,
AGAATTGTGAGCGGATAACAAT,0,
GCAGTGCTCGCATGGAGCTG,0,
GGGGGAAGGATT,0,
GGGGGAAGGACT,0,
CCTTTAAAGG,0,
TATAACTTCGTATAGC,0,
AGCGTGGGCTG,0,
AGCGTGGGCGG,0,
TATGAGCGCTCAT,0,
GAGCAGGT,0,
GUTTTGCAAAAC,0,
TGTGAGCGCTCAC,0,
GGACTTCGGTCC,0,
GGACTTCGGAUACAC,0,
CTCCATTTGCCTTTCAAATGTG,0,
CAACTAGGTCACTAGGTCAG,0,
ATGCATGAGG,0,
CGTACGCATGC,0,
CGCGATCGCG,0,
CCTAGG,0,
CCGGTCGACCGG,0,
TAGTGCCGGAGATGT,0,
CTGATATGC,0,
GGCGTATACGC,0,
TTGGGG,0,
TAGTGCCGGAAATGT,0,
TTGTGCCGGAGATGGGCTCCAG,0,
GCCTTCGTTGGAAACGGGATT,0,
CGTGTACACG,0,
CTCCGGCCT,0,
ATCGCGCGGCATG,0,
CGGACAAGAAG,0,
CACAGGATGTCCATATTAGGAC,0,
CGGACAAGAAG,0,
GATGTGGCGCAATCCTTAACGG,0,
TTGCTGGAAAAATAG,0,
TTTTGGGG,0,
TGTTTTTGACAAG,0,
TGTTTTTTATAAG,0,
TGTTTTTGAGAAG,0,
TGTTTTTGGTAAG,0,
TGUTTTTGATAAG,0,
TGTUTTTGATAAG,0,
GCGAAAAGTGTGAC,0,
GTCACCGAC,0,
GCAAGTCUAAAACG,0,
CTTATAGACCGATCGATCGGTC,0,
GTATATTCCCTCGGGATTTTTT,0,
CCTGTATTGATGTGG,0,
ATAATTGTTGTTAACAACAAT,0,
ATAATTGTTGTCAACAATTAT,0,
CCTTGACAAAG,0,
CCCCC,0,
CGCAAATTTGCG,0,
CCATAATTTACC,0,
CGCGGTTCCGCG,0,
CGCGGTGTCCGCG,0,
GTTAGGGTTAGGG,0,
GTGTACAC,0,
TAATTTCACACCTAGGTGTG,0,
CCCGTGACAACTTTATGACAGC,0,
ACATGTAAAAATTTACATC,0,
CACGGGTGAATGAGGAC,0,
CACAGGTCACGAAGGTC,0,
CCAAAGAGAAGCG,0,
ATGCGC,0,
CACGGTTCACGAGGTTC,0,
ACCGAATTCGGT,0,
AGGATCCUTTTGGATCCT,0,
AGGATCCTTUTGGATCCT,0,
UUUU,0,
CCTAATTATAACGAAGTTAT,0,
GGGTTTAAAGAAATTCCAG,0,
CTGATATGC,0,
CTGATATGC,0,
UAGGGUTAGGGT,0,
GGCCGCTTGACAAAAGTGTT,0,
ATAAGTTCGTATAATGTATGCT,0,
AGGTAGACTTGGACGC,0,
AGGTAGACGTGGACGC,0,
AGGTAGACCTGGACGC,0,
CTCTTTTTTCTC,0,
GGCTTCCTCCTGG,0,
ACGAAGTGCGAAGC,0,
CCATGCGTGG,0,
CCCGATGC,0,
CCACGCGTGG,0,
TGTTTGGC,0,
GCATCGAAUAAGCTACG,0,
GCATCGAATAAGCTACG,0,
GAATTGTGAGCGGATAACAATT,0,
GGGGUTTTGGGG,0,
GATGTGCAGATCTGCACATC,0,
CATGCATATCATGC,0,
ATATTCCCTC,0,
GGGGTTTTGGG,0,
CC,0,
CCGGTACCGG,0,
AAAAAGACTTGGAAAAATTTTT,0,
TTCGTGTCGAATTTTG,0,
CTTGCTGAAGCGCGCACGGC,0,
ATGTGCAGATCTGCACAT,0,
CTTTTTTCCTAAAATGTGAT,0,
GACTTGTGTATAAGAGTCAG,0,
CGCGAGAATCGCG,0,
TTTTTT,0,
CTCTATGTCGGGTGCGGAG,0,
CGTACCCATTAATGGGTACG,0,
GGCUUCAUCCUGG,0,
GGCTTCATCCTGG,0,
CGCGAGUTCGCG,0,
GGAAGCTTCC,0,
GAGCTC,0,
ACATCGATCT,0,
GGGGTGATTGTTCAG,0,
GCTAAGGAAAGCC,0,
GGAGGAGGAGG,0,
GCTAAGGAAAGCC,0,
CGCGAATTGGCG,0,
CGCGAATTTCGCG,0,
GCCGTGCGCATTCGCCGTGT,0,
TTTT,0,
AACUGCGGCGAU,0,
TGCGACACAAAAAC,0,
ATGCTGCAT,0,
CCAAACTGTCTCAAGTTCCGGC,0,
CTTGGTTAATAATTCACCAG,0,
GCGTATACGC,0,
AAAAAGACTT,0,
AAAAAGACUU,0,
GATACTAGATAG,0,
ATAUAT,0,
TTGCCGGAGATGGGCTCCAGTG,0,
GCGTAUACGC,0,
CACCGATCGACT,0,
GCGAAGC,0,
GCGAAAGCT,0,
GAGATGTGTATAAGAGACAG,0,
,0,
ATCTCCAAATATCCCTTGCGG,0,
ATCAATATCCACCTGCAGATAC,0,
CCAAGG,0,
CCCGATCGGG,0,
GCGCATGATTGCCC,0,
ATGCATGGCGCCCGAACAGGG,0,
ACG,0,
GCTACG,0,
ATGCTAGGCGCCCGAACAGGG,0,
AGACGTCT,0,
CCGACGGCGCATCAGC,0,
CCGACGTCGCATCAGC,0,
TCGGTACCG,0,
TTCTTTGTTTGGATGCTAATGG,0,
GAGTAGCACGTGCTACTC,0,
CGAGTAGCACGTGCTACTC,0,
GCTTAATTCG,0,
GACGACGAC,0,
CCGCCG,0,
CTCTTTTTTCTCG,0,
AGCTGCCAGGCACCAGTGTCAG,0,
TCCGCGG,0,
GCCAGAGAGC,0,
AAAAAGACUU,0,
CGCGAATTCGCG,0,
UGAGGU,0,
AGAGTT,0,
GGCAAAACGG,0,
CTATAAAAAAATGTTTTTT,0,
TAGGCCTGGATC,0,
GGATCAGCG,0,
GCGATCACGTAC,0,
GCGATCACGTACGTC,0,
GCGATCACGT,0,
GCGATCACGT,0,
GCGATCACG,0,
TGCACCCGCATCG,0,
GCGAAAAATGCGAT,0,
AAAAATGCGAT,0,
AAAAATGTGAT,0,
CTCAGGGAAAGTACAG,0,
TGGGACTTTCCT,0,
TGGGAAATTCCT,0,
CCAGGAGATTCCAC,0,
CCAGGAGATTCCAC,0,
GCTCAAGGTCACG,0,
TGTTATCCACAGG,0,
GCGCTTTTGCGC,0,
TGCATATCAATTTGTTGCACC,0,
TGCTTATCAATTTGTTGCACC,0,
GCATATCAATTTGTTGCAT,0,
TTCCTATTGCGCAATCCAGTT,0,
CGCTCATT,0,
CCGTTTTGTGG,0,
GCATCGACGATGC,0,
CGCGAATTCGCG,0,
CGAAACTGTCTCG,0,
CGAAAACGTCGTAC,0,
CGTCGATGACGTCATCGACG,0,
GCAGAACGTCGTGAGACAGTTC,0,
GUGCACAC,0,
AAAGGAGG,0,
GGGGTTTTGAGG,0,
CTCTCCTTGTATTTCTTAC,0,
GGGGTTTTGGGGT,0,
CTCTTTTTGTAAGAAATACAAG,0,
AAGGATCC,0,
CTTTTTAAAAGAAAAG,0,
GTGGCGTGGGCGGCGTGGGCGT,0,
AATATTGCGCAATCCT,0,
ATGATTGGCCAACAC,0,
CAAAGAAAAG,0,
GCAAACGTTTGC,0,
ATAACTTAGTATAATGTATGCT,0,
ACCGGT,0,
CGGACTACGGG,0,
CGGACTACGGG,0,
CTGATATGC,0,
AAGACGUGGAC,0,
CGGTGCTACAAATTGATAAGC,0,
AAGACATGGAC,0,
AAGACGTGGAC,0,
CGATCG,0,
ATAGGACGCTGACACTGGTGCC,0,
ATAGGACGCTGACACTGGTGC,0,
ATAGGACGCTGACACTGGTGCG,0,
CAATGCCAACTTT,0,
GGACUUCGGTCC,0,
CACGCAGTTCGGAC,0,
TACCTCTTGC,0,
GCGTAACGC,0,
ACTCTATGATTTACGACGCT,0,
,0,
CCAGTACUGG,0,
TTGAGGAATTTCC,0,
CGATAACUTCGTAT,0,
CGATAACUTCGTATAATGTATG,0,
TTAGGGT,0,
TGTACTCGTGTACTGGTAC,0,
CCTCTCC,0,
ACAGGATCCTGT,0,
AATGGGGACTTTCC,0,
CATGAATAATGC,0,
TCCCACGCGTGGG,0,
CACTACTCTTTGTAGTG,0,
GTAGACCTGGAC,0,
UUGGCUACUAUGCCAGCUGGUGGAUUGCUCGGCUCAGGCGCUGAUGAAGGACGUGCCAAGCUGCGAUAAGCCAUGGGGAGCCGCACGG,0,
GTTTTGCAAAAC,0,
AGGACCACG,0,
CGCGCGCGCG,0,
ACTTCGGGATG,0,
CCGAGGTCAATGACCTCG,0,
GCGTAGUACGC,0,
TCAGAACATGATGTTCTC,0,
TGTAUGTATAUAAAAC,0,
GGGGGGGCTATAAAAGG,0,
AGTGATCTAC,0,
GCTTCAGTCGT,0,
CACGUG,0,
TTAGGGTTAGG,0,
CGAAACTTTCG,0,
TAGGTTAGGG,0,
AGCTATTTATAAGC,0,
GGTT,0,
GGTTAC,0,
GGTTACTTCACTT,0,
GCGCACCGAAAGGTGCGTATTG,0,
GTCACTTCACAT,0,
GCGCGCGC,0,
GCGAAAGC,0,
GCGAAAGCT,0,
GCGCGCTGAGGAGGTTTC,0,
CGTACG,0,
CGCTTATATGCG,0,
CGATGCT,0,
TAGCATCGG,0,
CGGTATCACCGCCAGTGCTTG,0,
TGTCTTTGTCATGCTAATG,0,
TTACAC,0,
GCGATAGC,0,
GCGAGAGC,0,
GGGGAAGGATTC,0,
TAGGATTGCGCCACAT,0,
GGGGGAAGGATTC,0,
CGTTTTAAAACG,0,
GCAAAATTTTGC,0,
CGCGTTCGCTCGCTCGCTGGCT,0,
GTC,0,
AAGACGTGGAC,0,
TGCAC,0,
GTCAC,0,
ATAACTTCGTATAATGTATGCT,0,
ATAACTCTATATAATGTATGCT,0,
CAGCTCTTTGAGCTG,0,
GGGAATCGATATCGCCGC,0,
GGGGGAAGGACT,0,
GCGGTGGAT,0,
AUCGAGAGG,0,
CGGCAACGCAC,0,
GTT,0,
AGTG,0,
AGTC,0,
AGT,0,
AGTT,0,
CGCTGGAAATTTCCAGC,0,
GCCGTGCGCATTCGCCGTGTT,0,
TGTATCTT,0,
TCAGTCTAGACATAC,0,
GGGGGAAGGACTC,0,
GGCACTGATCACG,0,
GGGGGAAGGATTT,0,
GCGATCAGCCC,0,
GCGATCAGCGCGTAC,0,
GCGATCAGCGCGT,0,
GCGATCAGCGCG,0,
GCATCATGCG,0,
GCGATCAGCGC,0,
GCATGATCC,0,
GCGATCAGG,0,
GCATGGCATTGAT,0,
GCGATCAGC,0,
GCGATCACGTT,0,
GCGATCAGCC,0,
GCGATCAGCGG,0,
GCATGATGCTT,0,
CAAGATATCTT,0,
GGAGGAGGAGGAGGAGGAGGAG,0,
GTCCAACGACG,0,
CCATATGCCC,0,
GCGAGATCTGCG,0,
GCTCCGATATTACAGTTGTAAT,0,
GGGGGAAGGACTG,0,
ACGGGTAAGCAGTCCGCG,0,
ACGGTAAGCAGTCCGCGG,0,
GTGTGGGTGTG,0,
CGATAAGATATCTTATCG,0,
ATGGTCGGCGCCCGAACAGGG,0,
CGCATTACGC,0,
AAGGATCC,0,
GCUTAATUCG,0,
CGUGACUCT,0,
CTCAACCAAGCT,0,
CTCAC,0,
ATATAT,0,
CCACGGAAC,0,
CCACGGAAC,0,
AUTTTAGCGGCTAAAAG,0,
GGACAGAUGGGAG,0,
GCGAGAGC,0,
CTCTTTTTTCTCG,0,
AAAAAAGTTTTTT,0,
GATACTAAGATAG,0,
CTATGTAGTCTGTTG,0,
CCAGAACATCAAGAACAG,0,
CGCTAACAGGC,0,
CGAAAACGACGGCCAGTGCCT,0,
CGAAAACGACGGCCAGTGCCT,0,
AAAAAGACTTGGAAAAATTTTT,0,
CGAAAACGACGGCCAGTGCC,0,
CCTCAGGCCTCC,0,
GCCATGCTAGT,0,
GCCATGGCTAGT,0,
GCGTAUACGC,0,
AGGGTCCTTCCCCC,0,
CCTATATAGG,0,
CCTACGTAGG,0,
ATGCATCGGCGCTCGAACAGGG,0,
CGGACUAGAAG,0,
CGGACAGAAG,0,
GCCGGTCGACCGG,0,
GACCCTCCCCTTAGGGGAGGGT,0,
TTGACCCTAACGTTGCGTGATT,0,
TCCATGCGCTGAC,0,
CGACTAGTCG,0,
GGGGGTCCTATAGAACTTTCCC,0,
GTAATGAGCCTAACGCTCAGC,0,
CGAAAACGACGGCCAGTGCCAC,0,
TTACTGTGGGAAAG,0,
CGAAAACGACGGCCAGTGCCAG,0,
CCGTACCGG,0,
CCAGTACTGG,0,
CTCTTTTTTCTCG,0,
CCCCCGGGGG,0,
GAATTCG,0,
TTTGTAGGACTGCCCTTTAAT,0,
GCCTGACTCGAT,0,
GCCTGACTCG,0,
GCCTGACTCGC,0,
GCCTGACTCGC,0,
GCCTGACTCG,0,
TAGGGTTAGG,0,
TAGGGTTAGG,0,
TTAGGGTTAGG,0,
TAGGGTTAGG,0,
TAGGGTTAGG,0,
TAGGGTTAGGG,0,
TAGGGTTAGUGG,0,
TAGGGTTGGG,0,
TTAGUT,0,
GCCGGTC,0,
AGGGATGGTGC,0,
TTGCGC,0,
AGGGATGGTG,0,
CCCTGTTAGCACAGGCTGCCCT,0,
CTCTCACGTGGAG,0,
CGAAAACGACGGCCAGTGCCAT,0,
CTGAAAGCGCTAACAG,0,
ATAATTT,0,
CGTACCATGC,0,
GATTTAGCAAAACGTGGCAT,0,
GGAGAGTGATTGGTAGTGTGAT,0,
CACGCTAGGGATAACAGGGT,0,
GGGTTTTGGGG,0,
GCGAAACGTCGTGAGACAGTTC,0,
GCTAAACGTCGTGAGACAGTT,0,
TCTAATGCGAGCACTGCTATTC,0,
CGCGC,0,
TAAATGACATAGGAAAACTG,0,
CCGACTGCGCATCAGC,0,
CCGACAGCGCATCAGC,0,
GTGCTGATGCGTC,0,
CGAGGTTTAAACCTCG,0,
GCGTAACGC,0,
GCGTATACGC,0,
TATAACTTCGTATAATGTATGC,0,
TTAGGGTTAG,0,
GGGATGGTGC,0,
ACCGGGCCCTGCC,0,
ATCGGCTTCCGC,0,
AAAGCTATTTATAAGC,0,
CTAACCCTAACCCTAG,0,
TCTAACCCTAACCCTAAC,0,
TACGCCT,0,
AGTACTTACGCCTGGTCTG,0,
AGTACTTACGCCTGGTCAT,0,
CCCC,0,
CGGCCGTACTG,0,
CGGCAGCGCAC,0,
CGGCAATACTG,0,
CGAAATTTTTCG,0,
GGGGTGGGAGGAGGGT,0,
TGAGGGTGGGTAGGGTGGGT,0,
GCGGTTGGAT,0,
TTAGGTCACGAAGGTC,0,
GTAGATCACT,0,
GCGAUCGC,0,
TCAGCATCTGTGATC,0,
CCGTAATGCC,0,
TCTGCGGTC,0,
CCATCGCTACC,0,
TACTACATATGTAGT,0,
GUGTACAC,0,
GGTAGACCTGGACG,0,
GGTAGACCTGGAC,0,
GGTAGACCTGG,0,
CGTGCAGCGGCTTGCCGGCACT,0,
CGCGCG,0,
GGAAAATCTCTAGCAGT,0,
CCTCGTCC,0,
AGCATGCCTG,0,
AGGGGCGGGGCT,0,
ATGGGGCGGGGCT,0,
CCGAGCTCGG,0,
CCTAATTAGG,0,
CCGAATTCGG,0,
CCGATATCGG,0,
CCTGCGCAGG,0,
CCTCCGGAGG,0,
CCACCGGTGG,0,
CCGTCGACGG,0,
CCCCATGGGG,0,
CCGTTAACGG,0,
CCCCGCGGGG,0,
CCTCTAGAGG,0,
AAAAAAATTGCCGAAGACG,0,
TAGCAGGATGTGT,0,
TCACAGGATCCTGTG,0,
TCACAGGATCCTGTG,0,
ACCATGATCTGAC,0,
GCGTGCG,0,
TTATAGATCTAT,0,
TTTGAAAATATGTGTAATAG,0,
TCACGGAATCCTTCCCCC,0,
TCATGGAATCCTTCCCCC,0,
CTTTTAAAAG,0,
GCATCCGGATGC,0,
AACTCTGCTTTTTACAACAAAG,0,
CTCGTTCAGCTTTTTT,0,
GCGTATACGC,0,
CGTTCAGCTTTTTT,0,
GCGTAACGC,0,
GCGTAGTACGC,0,
GCGTATACGC,0,
GCGTAATACGC,0,
GCGTATACGC,0,
GCGTATACGC,0,
GCGTATACGC,0,
GCGTATACGC,0,
CGCGAATTCGCG,0,
GACACCUGAUUC,0,
ACTTACATGCACAGGATGTAAC,0,
AGGGUCCUUCCCCC,0,
TGAGGGTGGGAGGGTGGGG,0,
CGCGAAUUCGCG,0,
ATCGATCGATATAAAACG,0,
CTCCCC,0,
TTCCCCTCCCCATTT,0,
TACCTCGTTGCGTTTGTTTGC,0,
CTTAATTC,0,
TCAGTGTCCGATAATTTAT,0,
GATACTUAGATAG,0,
ATACTAAGATAG,0,
GGGGGAAGGATTC,0,
GGCTACAGGACTC,0,
GGGGGAAGGATTCG,0,
ATCCTCTATCAC,0,
CCTCCAC,0,
CCTCACTCC,0,
GCAGACGTCTGC,0,
GCGTGGGACC,0,
AAAGAATTCTT,0,
AAAGAAUTCTT,0,
GCGTGGGCAC,0,
AACCCT,0,
ATCCTCCCCTAC,0,
CAGGATCCAAGCTTGGATCCTG,0,
GCATGATCATGC,0,
GAATTGTAAGCGCTTACAATTC,0,
TAAATT,0,
GCAAATTAAAGCGCAAG,0,
GCAGAAUUAAAUCUGC,0,
TGGGGTCCT,0,
GTCGCGCGCCATAAACC,0,
TGGGGTGTGGTGCTTTTGGTGG,0,
GCGTAACGC,0,
TACAATTTAATTGTATACAATT,0,
CCCCTAGCTTTAGCTATGGGG,0,
CGCTACGTAGCG,0,
CCGGTGG,0,
CGTACTCCTTAATGGGTACG,0,
CGTACCCCTATAGGGGTACG,0,
TCACGGAATCCTTCCCCC,0,
UUUUUUUUUUUUU,0,
GCGATTTCAAGGTGAAATCGCC,0,
AAATATTT,0,
GTTCAAGGCCAG,0,
GTGGATGCGTGTAGGT,0,
GTCAGGCATCC,0,
TGTCAGCGCCGCC,0,
GTCAGCGCATCC,0,
GGTTGGATGGTAG,0,
TGTCACGCATCC,0,
GGTTGGATGGTAGC,0,
TTTTTTTTTTTTTTTTTTTG,0,
ACTGGTGCTTGGCAGCT,0,
ATGTGGCCAACAAGGCCTATT,0,
AACTATGAAACAAATTTTCCT,0,
GGCCCGCGCTTTGGGGACT,0,
CTGAAAGCGCTTACAG,0,
GCTCTAATCCCCG,0,
CCAG,0,
TAT,0,
CACTGACTCAT,0,
AAGCACTGACTCATGAAGT,0,
AGGTAGACTCGGACGC,0,
AGGTAGATCCGGACGC,0,
GCCG,0,
GGTTAGGGTTAGGGT,0,
CGATATATATAT,0,
CGGCTCCATCTCTACCGC,0,
CGGGATATCCCG,0,
TTGTGATTTGTGATTCG,0,
CTTGTGATTTGTGATTCG,0,
CTAATCACTTGTGATTCG,0,
AAATTT,0,
TGCGACACAAACAC,0,
TGCGACACAATAAC,0,
TGCGACACAGAAAC,0,
TGCGACACATAAAC,0,
TGCGACATAAAAAC,0,
TGCGACACTAAAAC,0,
TGCGACTCAAAAAC,0,
TGCGACGCAAAAAC,0,
TGCAACACAAATAC,0,
TGCCACACAAAAAC,0,
ATTTCGAAAAATGCGAT,0,
ATTTCGAAAAATGGGAT,0,
ATTTCGAAAAATGTGAT,0,
ATTTCGAAAAATGAGAT,0,
GGGGUTTGGGG,0,
GGGGTTTGGGG,0,
GTTACTGTGGGAAAG,0,
TTGCCGGTACCGGC,0,
CCCGGTACCGGG,0,
ATGTATTGTTTACAAC,0,
GGCTCAGGGCCACAG,0,
CTAACAGAATG,0,
TCGCGCGCGT,0,
TGCGGCGT,0,
UCGAC,0,
GGATCCGGTTATAACGCCCGCC,0,
GTGUACAC,0,
GUGUACAC,0,
GCGTGAGCATGCTCAC,0,
GCGTAUAACGC,0,
GCGTATAACGC,0,
CGCGAAUATCGCG,0,
CGCGAATUACGCG,0,
CGATAACGGTCCTAAGGTAGCG,0,
CAACCAGGGTTG,0,
CAACCCGGGTTG,0,
CAACCATGGTTG,0,
CCCTCCCT,0,
CGCCAGGGC,0,
GCAGAAGGTCGTGAGACCGTTC,0,
CAGTGTCCGATAATTTAT,0,
CTTGAATG,0,
GTGTACAC,0,
CGTACGCATGC,0,
AGGACCC,0,
AAGGCATGCCTT,0,
CGGACATGTCCG,0,
GCCGGTTAACCGGC,0,
CGGGCATGCCCG,0,
GCCGGTCGACCGGC,0,
GCCGGTTAACCGG,0,
GGGATCTAAACAATGC,0,
TTTTTTTTTTTTT,0,
TTCTTCTTC,0,
GACTGTGCAGTC,0,
GACTGTACAGTC,0,
ACGCGAU,0,
TGCGCG,0,
TTAGGAAAATTTGTTTCATAG,0,
TTGTCGCCCTT,0,
TTGTCGCCCTT,0,
AGTATGACGAATACTTAAAATC,0,
TTGGGTTAGGGTTAGGGTTAGG,0,
CCCGGAACTTCG,0,
GCAACCGAATTCGGTTGC,0,
AGATTGCTATCATTTTTTTTAT,0,
TGAGGCGTCAAC,0,
CCAGAACAAACTGTTCTG,0,
AUG,0,
GCAAAACGACGTGAGTCAGTTT,0,
GCAAATCGTCGTGAGACAATTT,0,
TTTTTTTTTTTTTTT,0,
GCTAGCAGAGTCC,0,
AGCGCCUGGACUUAAAGCCAUUGCACU,0,
AAGCGCCUGGACUUAAAGCCAUUGCACU,0,
ATCAATATCCACCTGCACATTC,0,
CAGATGTAGGGAAAAGCCCGGG,0,
AAAAACGTCAACATTTTAT,0,
CCAGGAGAAGCC,0,
GGTAGACCTGG,0,
ATTCCGATAGTGGGGTCGCAAT,0,
GTCGG,0,
GGGCGCGGGAGGAATTGGGCGG,0,
AT,0,
AG,0,
AC,0,
,0,
CCC,0,
GUGTACAC,0,
GAACATGAGAGCTTAGTACGTC,0,
TGGTAGACCTGGACGC,0,
TGTACGACAGAT,0,
ATATGTATACCCG,0,
TCTAGATCTAG,0,
TCACGGAATCCTTCCCCC,0,
TCATGGAATCCTTCCCCC,0,
CGGTGCAACAAAT,0,
TCTGGGGTCCT,0,
TCTAGGGTCCT,0,
TCTAAGTCAATAAT,0,
CGCTTATGACAGCCGCG,0,
AAGACCAGGC,0,
AGAGGCCGAGGCGGCCTCGGCC,0,
CGAGGCCATCATGGCCTC,0,
GCGATCAGCTT,0,
CCTGACTCG,0,
CCTGACTCG,0,
GCGATCAGCTTG,0,
GCGATCAGCTCG,0,
CATGCGAGTCAGG,0,
CTGUAATTCTGU,0,
CACAATGATCATTGTG,0,
TCTTTCATATGAAAG,0,
CTTTCATTAATGAAAG,0,
TTTCATTGCAATG,0,
AUCGAGAGG,0,
AATTCGATCGAATTC,0,
GGAATTCGATCGAATTCC,0,
CGGAAATTCCCG,0,
TCGAGCACTGCAGTGCTCGTTG,0,
CGAGCACTGCAGTGCTCGTTGT,0,
CGAGCACTGCACTCGAGTGCAG,0,
GCAGTGCTCGTTTTTTT,0,
CTGCCTTCAG,0,
CGCTGGGAATGACAGCCGCG,0,
GCGGGAGC,0,
CCGACCGCGCATCAGC,0,
ATATGTTGTGTTTT,0,
CCAACGTTGG,0,
AGTGGGAAATTCCTCTG,0,
ACGAGGCACTTCTGGCCTCTG,0,
ATGTTGCTTAGTCC,0,
GGTACCTGGAT,0,
GACG,0,
CGTGAAATCGCCACG,0,
TAAGTACTTGAGCT,0,
UUCGACCAGG,0,
GGGGGAAGGACCC,0,
GTATTTAATACTATATGTCAT,0,
GTATTATGTAGTCTGTTT,0,
GCTAGGCAGGAACCCCTCCTCC,0,
TCACGGAATCCTTCCCCC,0,
GCTAGCGAGTCC,0,
GAGGCCTTCGGGCTCATAACCC,0,
AACCCGGAGAC,0,
CCGTCCGT,0,
AGAAACTCATTAGAG,0,
GCACTGCATCCTTGGACGCTTG,0,
CCGATACCGG,0,
CCGGTAUCGG,0,
AAAGGGTTAGGGTTAGGGTTAG,0,
CCATCGTCTACCTTTGGTAGG,0,
CUCTUCTTC,0,
CGCGAATUCGCG,0,
CGCGAATUCGCG,0,
GTACCACG,0,
CCGGTACCGGT,0,
GTGTACAC,0,
GCGAACGC,0,
GTCCCTGTTCGGGC,0,
ATGAATCCAT,0,
CGGCGGTACTG,0,
CGGCAGTACTG,0,
CATTCCGATAGTGGGGTCGC,0,
CCGTTAGTCCGC,0,
ATGTTCATAG,0,
UCCC,0,
UCCCAC,0,
AGGGAGGGCGCTGGGAGGAGGG,0,
CAAGGGTTCAATGCACTTGT,0,
GTTCGTGTC,0,
CCAAAGAAACCGGG,0,
CCAAAGACCGGG,0,
CCAAAGAACCGGG,0,
GAACCGCGGGCTAGG,0,
GACGGCCGCCGCTAGCG,0,
GAACCGCGCGCTAGG,0,
GAACCGCGCGCTAGG,0,
AAAGTATTACAT,0,
AACCCTAACCCT,0,
ATCGATAGTCTCTAGACAGCAT,0,
TC,0,
CGTCGATGACTCATCGACG,0,
CTTCCTATAGTGAGTCGTATT,0,
CTTGGTTAATAATTCACCAG,0,
AGGGACTTTCCGCTGGGGACTT,0,
TATAACTTCGTATAGCATACAT,0,
CCCTGTCTGGCGTTCGCGCGCC,0,
CGGGAATTCCC,0,
TTCCGATAGTGGGGTCGCAAT,0,
GACTGCTTAC,0,
GACTGCTTAC,0,
GACTGCTTAC,0,
GGACTTT,0,
TTTTGGCACGTTTC,0,
TAAATGACATAGGGAAACTG,0,
TTGAAAGGGAGAAGTGAAAGTG,0,
TACAATATAACGTCG,0,
GCTAATATATGC,0,
GACATCGAAC,0,
CTAACTTTGAGGCAGACC,0,
AGATTTTCAGATGAAACGTAGG,0,
TCATGAATCCTTCCCCC,0,
GGGGGAAGGATTAT,0,
ACCCCTCCGTTTCCTGTGGAG,0,
CACACAATTGCCCATTAT,0,
TTGACTCAACATCCTTTGCTAC,0,
GAATGGCGAATGGCGCTTTG,0,
GACCGCTTATGACAGCCGCG,0,
CGTCTTATGACAGCCGCG,0,
TTCATTAGTCCTTCCCCC,0,
TTCAGTAGTCCTTCCCCC,0,
CGCGAATTCGCG,0,
CATAGGAAAACTGAAAGGGAG,0,
AAAGATAC,0,
TAGCAGCCTGAGCTTTGCTC,0,
TGTTATCTT,0,
CGCGGGGGCGTCTG,0,
CGCGGGGGCGTCTGCGC,0,
CGACACCUGAUUCC,0,
AGUGCGACACCUGAUUCC,0,
GGAGUGCGACACCUGAUUCC,0,
ATATCT,0,
GTTCGTGTC,0,
TACTTGGCCCTCCTCAT,0,
TTAGTGTGACAATCTAAAAACT,0,
TTAGGGTTAGGGTTAGGGTTAG,0,
AGTGAAAATTTTTCAC,0,
GTGGTGAGC,0,
GTGGATGAG,0,
AGGGTTAGGGTTAGGGTTAGG,0,
ACCGAAAGTTCAC,0,
TAGGATTGCGCAATAT,0,
GCCAAGCTTGGC,0,
CCGAGGATGACGATG,0,
CGCGUG,0,
GCGGC,0,
CAAAGCCAAAAGGAC,0,
CCCATCGTAT,0,
CACATCGATGGAGCCG,0,
CGAAGAATTCCGGATTAGGGAT,0,
ACTCTAAGATTAATCGGCTG,0,
ACTCTATGATTTATGGGCTG,0,
CGCGAATTCGCG,0,
AGTATAUACUAGTATATACT,0,
CGGAGGCGCGGCCGCGCCGCCG,0,
GGGGGGGGGG,0,
CGCGTCATTCGCG,0,
TATTAC,0,
GAATCCCCTAGCTTTAGCTATG,0,
AAAGCCCCTAGCTTTTAGCTAT,0,
CCCCTAGCTTTAGCTATGGGG,0,
GGCTTCATCCTG,0,
CTATGTACCAAATGTTCAGTC,0,
TCGGGATTTTTTATTTTGTGTT,0,
TAGACAGGAAGCACTTCCTGG,0,
AATTGTGAGCGCTCACAATT,0,
CATGAATAAAAATTCAAG,0,
GCCTCAAGTTAACTTGAGGC,0,
ATATATCT,0,
AATCTTTCCCACAGT,0,
GTGCCGUGUGCCUUGCGCCGGGAAACCACGCAAGGGAUGGUGUCAAAUUCGGCGAAACCUAAGCGCCCGCCCGGGCGUAUGGCAAC,0,
AACGTATGATTAGGGTGTATAT,0,
TTTAACAGTTAAGUAT,0,
GAAGCCGGCGG,0,
GAAGCCGGCG,0,
TTCCGCCCGGCTTCC,0,
GGTCGGTACAGTT,0,
CGCGAATTCGCG,0,
CTGTATAACTGCG,0,
TCGCAATAATAC,0,
TCGCATTATCACC,0,
AACGGTTTTACCT,0,
AACGATATTACCT,0,
AACGGTATTACCT,0,
ACTGTCATAAATCTGT,0,
CCCTGCGGGCCC,0,
CATTTAAGATATCTTAAAT,0,
CUUGCUGAAGUGCACACAGCAAG,0,
ACGCTAGGGATAACAGGGTAAT,0,
CACGCTAGGGAT,0,
TCCACGGGTACC,0,
CGCGAATTCGUCG,0,
CGCGAATUCGUCG,0,
TAGGGTTAGGGT,0,
ATAGAAGAATTCCGTTCCAG,0,
UCCCAGUCCACCG,0,
GTTGTTTACATAG,0,
TTTTTTTTTTTTTTTTTT,0,
TTTTTCCCACCTTTT,0,
AACCGGTT,0,
CCTCTCGTCTCC,0,
GUGTACAC,0,
AAAGACCAGGC,0,
CAGCTCTGTACGTGAGCAGTGG,0,
CGCGACG,0,
GGGACCCTTCGAAT,0,
ACCGGAGGACAGTCCTCCGG,0,
TAGGGTTAGGGTTAGGGTTAGG,0,
TAGGGTTAGGGTTAGGGTTAGG,0,
TTTAGGG,0,
ACAGCTTATCATCGATCACGT,0,
TAGGGTTAGGGTTAGGGTTAGG,0,
AAUGGAGACACGGCTTTTGCCG,0,
ATTTAGT,0,
ATTAGTT,0,
ATTTAGTT,0,
ATTAGTT,0,
TTGATAAATCAGAGATAACC,0,
TTCTGATAAGACTTATCTGC,0,
CAGTAT,0,
ATGTTGACTATAATCACACGG,0,
TTTGCGGTTGCACCTTTC,0,
GAGTCCACCGGTGGACTC,0,
AAGTCGACCGGTGGACT,0,
GCCGGTGCACCGGC,0,
AACCGGC,0,
TGACCCTCCCCTTAGGGGAGGG,0,
UCCCAGUCCACCG,0,
TGAGGTAGTAGGTTGTATAGT,0,
TGAGGTAGT,0,
GGCAATCATGTC,0,
GGCATTCATGTC,0,
GGCACTCATGTC,0,
AACTGCGCAGTT,0,
GTCAGCGCAATGG,0,
CTATCCGGTG,0,
GCAATCCGGTAG,0,
CTACCGGATTGC,0,
GTCGCCCTGCCCTGGT,0,
TGGTTTGTTTTGCTTG,0,
TGGTTTGTTTACCTTG,0,
TCTTGTTTACATTTTG,0,
CATCCAGGTAC,0,
TTTTTTGTGGCACTGGCCGTCG,0,
ATTTAATCCAATGGTTAC,0,
ACGGCATGCC,0,
AGAAGGACCAGTGGTCCGT,0,
CACACG,0,
GGCATGTTAATGC,0,
TGAAGTCCAAAGTTCAGTCCC,0,
TTGCATCGTTATGC,0,
CGCGCACAAGCTTTTGCTTGTG,0,
CACAAGCTTTTGCTTGTGAC,0,
CTGACTCTTATACACAAGTC,0,
CAAACTAGGTCAAAGGTCAG,0,
AAAGGTGCAACCGC,0,
TTAGGATCCTTCAAAAAAGGC,0,
TTAGGATCCTTC,0,
TCTGCCTTTTTTG,0,
TCTGCCTTTTTTGAAGGATCCT,0,
AATCTTTAAAGATT,0,
TAATACGACTCACTATATTTCT,0,
AGCCGTGCGCACTCCCTATAGT,0,
ACAGCGGTTGCAGGT,0,
ACAGCGGTGCAGGT,0,
TAGGCCATCTGGTCCT,0,
GCTAGCGAGTCC,0,
CGCGCCGGAACTTACCCGGC,0,
GTTCCGGCGCG,0,
GCGCTTTACAGAGAAACCTCCT,0,
ATGATTGACAATTATTGGAAAC,0,
TGCCTCCCAGGCATCCAAAAG,0,
TGCCTCCCAGGCAGTCAAAAG,0,
TGCCTCCCAGGCAGTCAAAAGT,0,
GTCGAATT,0,
CGGCTACCGC,0,
UAUACAACUCACUACCUCGU,0,
TTGAGCATGCTC,0,
TCTGGGGTCCTAGGACCC,0,
GCGAGAAACAAAG,0,
GGGACGTAGTGGG,0,
GCCCGTCGACCGGC,0,
ACACTACAATGTTGCAAT,0,
TCGTACG,0,
TCGGCCG,0,
TCACGTG,0,
TTTTTTTTT,0,
GGTAGCC,0,
CGGAAAAGTATACTTTTCCG,0,
ATAACGGTTGCCCGTCTCACTG,0,
CAGTGAGACGGGCAACC,0,
AAATGAATAAGCAGG,0,
ACGCGATGCGCCC,0,
CGATCTGTAGC,0,
ACTATCCCCTTAAGGGGATAG,0,
AGCCGT,0,
GUGTTACAC,0,
TCACGGAATCCTTCCCCC,0,
CGTACGCATGC,0,
GCGAGATCTGCG,0,
TGTAATCGATTATG,0,
ATAACTTCGTATAGCATACATT,0,
CUUGTTTAGCTAAACAUT,0,
ACCAAGGTCATGAAT,0,
TTCGGGCTGTTTATAAACAAT,0,
CGTGCG,0,
ATCGCGCGGCATG,0,
TCAAGTAAGCAGTCCGCG,0,
TACCTGCGACCGCTG,0,
GGGTTAGGGTTAGGGTTAGGGT,0,
TTTTGCATCGTTATGCAAC,0,
TAAATATCGTTATCTT,0,
GGGTTAGGGTTAGGGTTAGGGT,0,
TACGTCGAGTC,0,
TCGGCGCCG,0,
GTCTCTATTGTCCTGG,0,
GTTGAGCGTT,0,
GCAGTCAAAATC,0,
AAGAACATTTTGTCCG,0,
CCAGAACAAAATGTTCTG,0,
AAGAACATTTTGTTCT,0,
AAGAACATTGGGTTCC,0,
AAGAACACCCTGTTCT,0,
AAGAACAGGGTGTTCT,0,
CCAGAACAGGGTGTTCTG,0,
CCAGAACACCCTGTTCTG,0,
TCGGACAAAATGTTCT,0,
CGTACGCATGC,0,
CGTACCATGC,0,
AGGTTTCTGAAAAC,0,
CCTTTCCCCCTACCCGAAGGGT,0,
TGGTTTTTGTTAAG,0,
CGCGAAUUCGCG,0,
TCTAAGGATCCCGCCGATCGAC,0,
GCGTAUACGC,0,
CGCTCCGT,0,
TCGTTGCT,0,
TGCTTCGT,0,
GCTGATGCGC,0,
TCTGGGTCCT,0,
TCTAGGGTCCT,0,
GGGGGAAGGATTCC,0,
TCACGGAATCCTTCCCCC,0,
CGGAAATTACCG,0,
TAAGGTAGGGGAGGAT,0,
CTAACGCTACCATCCAAC,0,
CTAACGCTACCATCCAACC,0,
GAATTAAG,0,
GAATTGCGTTGCGCTCACTGCC,0,
CGGTTGTTACTCGCTCACATTT,0,
AAATTGTTATCCGCTCACAATT,0,
CTGGCCTAT,0,
TCGATGGAGCTTAGGGATCC,0,
CATCGATGGAGCTTAGGGATCC,0,
AGCATAAATAAT,0,
CGGATATCCG,0,
AGGACCC,0,
CATTCTCATCCAC,0,
TATTTTTTT,0,
CGTTAATTAACG,0,
TTTCTT,0,
TTTTTTTTTTTTTTTTTTTTTT,0,
GTAATAGTGTCTTAAAGACACT,0,
CTACTAGCCATGG,0,
AUCGAGAGGAGC,0,
AUCGAGAGGAUGCAGACGUUUUUU,0,
AUCGAGAGGAUGCAC,0,
CTACCGATAAGCAGACGATCCT,0,
AUCGAGAGGAUUC,0,
AUCGAGAGGAUGCAGACG,0,
AUCGAGAGGAUGC,0,
AUCGAGAGGAUG,0,
CAGCTACTTGAGCT,0,
TTTTTTTTTTTTTT,0,
TTTTTTTT,0,
CCUUC,0,
TCACGGAATCCTTCCCCC,0,
CTATTTTGACTATATTTGACCT,0,
CGGAACTGTCTCACGACGTTCT,0,
TTAATTTAAATT,0,
CCCCCCCCC,0,
GUGUACAC,0,
TUGGGTCCT,0,
CGTCCAGTCTAC,0,
CCAGGCCTGG,0,
ACTACTTGAGCT,0,
CCAAGCTCAAGTACTTACGCCU,0,
AGCTCAAGTAGTTATGCCUGGT,0,
CCTCTCTCC,0,
GTACGCGTUAC,0,
GTUGTACAC,0,
CCGAGTCCT,0,
TT,0,
GUGUACAC,0,
CAGTAT,0,
TTGCTATTGT,0,
GAGCAGCCTGTACGGACATC,0,
CGCGAATTCGCG,0,
CCTAGGAGTCCTTCCCCC,0,
AGCTCAAGTACTTAGGCCUGGT,0,
CTCGAGGTCG,0,
TAGCCTGGTCG,0,
AAACGACATTTCATACTTGTAC,0,
GGTAGACATGG,0,
GUGTAAC,0,
GUGTACAC,0,
UAUACAACCUACUACCUCG,0,
CCUACUACCUCG,0,
CAACCUACUACCUCG,0,
ACATGTCATGT,0,
GTGCTGACTCATCAG,0,
AGCTTGGC,0,
TGCGTCCGAGTCTACC,0,
ATATATATAT,0,
GCGUUACGC,0,
TGCGTCCAGGTCTACC,0,
UCCCAGUCCACCGU,0,
UCCCAGUCCACCGU,0,
UUUUUAUCUAATGCGAGCAC,0,
AGGGCTAGGGCTAGGGCTAGGG,0,
TGCATGC,0,
AATCTTTCACACGAT,0,
TGCGTCCGGGTCTACC,0,
TGCGTCCGGGTCTACC,0,
TGCGTCCGAGTCTACC,0,
TGCGTCCGAGTCTACC,0,
TGCGTCCGGATCTACC,0,
TGCGTCCGGATCTAC,0,
ATTCGAGTCAGG,0,
ATGCGAGTCAGG,0,
GGCGTGCAGTGCCTTCGGCCGT,0,
TAGGGTAGGGTAGGGTAGG,0,
GTCCCAGTCTT,0,
GCGGCGTTTTGCGGCG,0,
TTGCTCCTCACGTCACGTGAGG,0,
CGGGCGGGCGCGAGGGAGGGT,0,
CGGGCGGGCACGAGGGAGGGT,0,
GTGCGCTGGTTTGT,0,
GCTGCAACGTCG,0,
CCCTGCGCAGGG,0,
GTTAAGUGG,0,
AGGGTTAGGGTTAGGTTAGGG,0,
CTAG,0,
CTATGTAAACAAC,0,
AGCGTCGAGATCC,0,
GCAT,0,
CAAACAGGAAACTCCT,0,
GGTTAGGGTTAG,0,
TUAGGGTTAG,0,
CATTTAAGACGTCTTAAATG,0,
CGCTGCCCACACAAGC,0,
CATTTAAGATATCTTAAATG,0,
CATTTAAGACGTCTTAAAT,0,
,0,
GTGCCTAGCGTAG,0,
TGGTAGACCTGGACG,0,
GTGCCTAGCGTAC,0,
TACAAAATTCCATGAC,0,
CTGGTGCATGGCAGCT,0,
GCTAATAAATAGG,0,
TCTTATAAATAGT,0,
CTAACGCTACCATCCAACC,0,
CCTAACGCTACCATCCAACC,0,
TTTTATACGATGGG,0,
ACCCTAATTAGGGT,0,
GTATGTCTAGACTG,0,
GGGCATGCCTAGGCATGCC,0,
ATTCC,0,
GGGTGGGGAAGGGGTGGGT,0,
TAGGCAGTGATTTATG,0,
AAGCCACACAGACCAGACGGCC,0,
GCGGACTGCTT,0,
GUUGGCUACUAUGCCAGCUGGUGGAUUGCUCGGCUCAGGCGCUGAUGAAGGACGUGCCAAGCUGCGAUAAGCUGUGGGGAGCCGCACGG,0,
UAGG,0,
GCCCTGUGCAGC,0,
CGTAUTACG,0,
CGTACTACG,0,
CGCGCAGGC,0,
CCTGUGCGAT,0,
CGT,0,
CCCTGUGCAGC,0,
CGTAUTACG,0,
AACAATTGTT,0,
GGCTTAATTAATTGCGG,0,
ACAGTCCCTGTTCGGGCGCCUT,0,
ACAGTCCCTGTTCGGGCGCCC,0,
CGCATGGAATCC,0,
TGGGCATGCCCGGGCATGCCC,0,
CUGACCUGACTTCGGTCAGGTCAG,0,
TCGCAATAAGAC,0,
TCGCTATAATAC,0,
CGCG,0,
CGCGAATCCGCG,0,
CGCGAATTCGCG,0,
GCGCCTC,0,
GCCACGCCTC,0,
TAAGCCTC,0,
ATTAAGCCTC,0,
CAGTAC,0,
CAGTACC,0,
CCCTAATTAAACCC,0,
AAATTTGCTCCAAATTGAAAC,0,
AAATTTGCTACAAATTACAAC,0,
AAATTTGCTGAAAATTCCAAC,0,
AAATTTGCTCAAAGTTCAAAC,0,
AAATTTGCTCATTTTTCAAAC,0,
AAATTTGCTCATTTAACAAAC,0,
AAATTTGCTCAGCGCCCAAAC,0,
AAATTTAGTTAAGAAATGACC,0,
AAATTTGCTCAAAAAACAAAC,0,
AAATTTGCTCAAAATTTAAAC,0,
AAATTTGCTCAAAATTCAAAC,0,
TAAGGTGTGAG,0,
CTGGGACCATGGTCCCAG,0,
AAATGCGCCGTGGTC,0,
TGCGCCGTGGTC,0,
ACCAAGGTCATGAATGACTATG,0,
AUGGAGAGG,0,
AUGGAGAGGAC,0,
GCGGACTGCTTAC,0,
CGGAGCTGTCTCACGACGTCCT,0,
CGGAGCGGTCTCACGACCGCCT,0,
CGGAACTGTCTCACGACGGTCT,0,
ACCGCGCGACGCGCG,0,
CGATAT,0,
CATATGCTATACGAAGTTAT,0,
CGCGGTAGCAGTAGG,0,
CAGCTTATGACAGCCGCG,0,
GCTGATGCGC,0,
CGCUGUGAACGCGUUCACAGC,0,
CGGGCGCCCG,0,
CGCTGTGAACGCGTTCACAGCG,0,
TACCGGGCTCTGCC,0,
CCGGGCTCTGCC,0,
TCTGGCTTTCCTTCCCCC,0,
TAATTGAGGGGAGGAC,0,
TAATTGAGGGGAGGAC,0,
TAAGATGGCAGAGCCCGGTAAT,0,
ACGCCGTGATCG,0,
GGCGTGATCG,0,
TCTCGTAAT,0,
ACGTCAT,0,
CAGCGTCAT,0,
TAGCGTCAT,0,
CGGGCGGGCGCTAGGGAGGGT,0,
AAAAGGCGCCGTGGTC,0,
GCGCCCTTATTC,0,
GTCGGACTG,0,
GTCCAGGTCTAC,0,
ACGGCGTGATCG,0,
,0,
GCTAGCAAGTCC,0,
CCATCGCGTAC,0,
GCTGCAAACGTCG,0,
TGTACATCAGTGAACGCGCGTT,0,
TCAATCGAGTCAACAAGCGTTC,0,
UAGCCGTAGGGCCCTACGGCT,0,
AGCCGTAGGGCCCTACGGCT,0,
CAGTGGCTG,0,
CTGACCTTTGACCTAG,0,
CGCCCGGAC,0,
CAGGAAGCACTTCCTG,0,
ATTGACCTCAGCTGAGGTCAAT,0,
GTTGATACTGTATGATCATAC,0,
TATACTGTATGCGCATACAGT,0,
TATACTGTATATATATACAGT,0,
ATCGAGAATCCCGGTGCCGAGG,0,
AGCCGTAG,0,
UGGCUUGC,0,
CTGTTTTACGTGCATAGTCATT,0,
CCAGTACTGG,0,
GCGGCGGCCCGCGGGCCTCCCG,0,
ACAUGAAUGCC,0,
GACAUGAAUGCC,0,
CAUGACUGC,0,
ATCGATGTATATATCTGACACG,0,
ATCAGAATCCCGGTGCCGAGGC,0,
AGGAATGGTC,0,
GGCGATATCGC,0,
CCCGTTAGTCCG,0,
AAAGCCCCCC,0,
AAAGCCTCCC,0,
TTGTTCTCAGGTACCTCAGCC,0,
AATTGCTGACTCATAG,0,
CTCAGCCAG,0,
TCTGGCTGAGGTACCTGAGAAC,0,
AGGGAGGGGCTGGGAGGGC,0,
AGGGAGGGCTGGGAGGGC,0,
TTGATG,0,
GAGAATCACGCGACTTTAGTCG,0,
TTGAT,0,
TCTGGGGTCCTAGGACCC,0,
TGCGAAATTCCATGAC,0,
GTTC,0,
GTTCAGATC,0,
TGGCCTTAAGG,0,
ACTCGTGTGAAACTTCCCAAAC,0,
CAGCTCATCCAC,0,
ACGTCCAGGTCT,0,
CGCTCATCCAC,0,
AGTTATAACCTAAAAGGTTAAT,0,
CAGCGGTATAAGC,0,
AAGTCCACCGGTGGACT,0,
ATTTCACAATT,0,
TGCGAAATTCCATGAC,0,
GGTATTACCCGGTTATCCCTAG,0,
GCGTAUACGC,0,
GCGTAUACGC,0,
GCGTAUACGC,0,
CAGATG,0,
AGTCCCCCGGTGGACT,0,
CCGGTGGACTC,0,
CTTTATTCCCATGGGAATAAAG,0,
GCTGAATCGTAATGCGGTAGAG,0,
TTGTAAGCGTTATC,0,
TTGAAAGCGGTACCAT,0,
GACACCTGATTC,0,
GCGTAGCGG,0,
GGTCTGTATCACGAGCCACCGC,0,
CTGG,0,
TATTTGCTGAGTCAGCAATT,0,
ATCCATTTGCCTTTCAAATGTG,0,
GCCCGGACGAGAGAC,0,
GTCCTCCCCTC,0,
TGGAGGGGAGGAC,0,
CCTGCGGAGGCTCACGGG,0,
AGGTAAGT,0,
ATCTGTGGTC,0,
CGCTTGGG,0,
CGTCTGGG,0,
GCCTGCAGGC,0,
CCCAAGCGGC,0,
AGTGATCAGTGGTTCCGGAACC,0,
GCGTAUACGC,0,
GCTGCAACGTCG,0,
ACTACGTAGTT,0,
TACTCCTCAG,0,
CGGCCTTACTG,0,
ACTACGTAGT,0,
CAGTAG,0,
GCCGCAACGCACG,0,
TTACAAC,0,
TTATAGG,0,
GCCATCGATGGC,0,
GCCAACGTTGGC,0,
GCCACCGTTGGC,0,
GCCATCGTTGGC,0,
GCCAGCGGTGGC,0,
GCCACCGGTGGC,0,
CTGACGTGG,0,
TTCATGAGTCCTTCCCCC,0,
CGCATGCTACGC,0,
CGCATGTACGC,0,
CGCGGGTACCCGCG,0,
CGCGCG,0,
AAGGTAAGCTAGCT,0,
GAGGTAAGCTAGCT,0,
TTTTTTTTTTT,0,
GGCAAGCATGTC,0,
GGCATGCC,0,
TTACGCCTTGATCAGTGCC,0,
TTACGCCTCGATCAGTGCC,0,
AAACATGTTTTAAAACATGTTT,0,
AAACATGTTT,0,
TCGACTAGCG,0,
GCGCATGAACCCGTATATAAGC,0,
CGGAGGCTAGGAGCCCCAAGCC,0,
AATGCGCT,0,
TTGAGGCAGAGT,0,
CGCGGATUCGCG,0,
TGAGGCAGAGT,0,
TTATAATTAGCTTGCTAAGTT,0,
ACGGGCATGTCTGGGCATGTCT,0,
CGGCGGCCGC,0,
GUCCCCACGCGUGUGGGG,0,
GAGCCGATTCC,0,
GTTGTGGACAACG,0,
GTTGTGGATAACG,0,
AGATTCGAATCTAGATTCGAAT,0,
GGGGCGGGGCGGGGCGGGGT,0,
CGCGAATTCGCG,0,
TGGAAAAAAGTACTTGACATGG,0,
CACGTGACCTAGATCACATC,0,
CCTTCATTACATCC,0,
CCTTCATTACATCC,0,
CCTAACCTACCATCCAACC,0,
CCTAACGCTACCATCCAACC,0,
AAAGGGCGCCGTGGTC,0,
TGCGCCGTGGTC,0,
TGCAGTCTAGACTGC,0,
ATGGTGCTC,0,
GCTGATGCGG,0,
CCGACGCCGCATCAGC,0,
TATTATATAAT,0,
TGCAGCTCGGCT,0,
CAGCTATGGAAGC,0,
CACGTG,0,
CGCGCG,0,
CGCGTG,0,
ATAT,0,
GCTATAAAAGGGC,0,
GACTAAGTCAACC,0,
CGCG,0,
GGGTACCC,0,
GGGTGCCC,0,
AGCTACTGTACCG,0,
AGGAGCATTTG,0,
GCGACTAGTCGC,0,
GGTAAAAGGTTGAATAAGTGG,0,
ATCCTTCGTTGGAAACGGGATT,0,
AGGGTTGGTC,0,
AGGGTTGGTC,0,
ACGAGTCAGGC,0,
AGGGAAGGTC,0,
TGCGTCAT,0,
ATAACGATATTT,0,
CAAGACGATACAG,0,
AGGUG,0,
AGAGG,0,
AGAGC,0,
AGACG,0,
UCGAGAGG,0,
CGAGAGG,0,
GAGAGG,0,
GAGG,0,
GCGGCTGTCATTC,0,
GCGGCTGTCATTC,0,
TTCTTATAAATAGTT,0,
GATTTTATTTG,0,
AGAGG,0,
TTCGTACGGCGTACG,0,
ACGCCGAATC,0,
CGCGAATTCGCG,0,
GGTGGGTGGGTGGGT,0,
TGCGCGAAGCCGAT,0,
CACTTTTGTGACAACTTTATG,0,
C,0,
GGTCGACTAGGAGGATCCC,0,
,0,
GAGAAACAAAGAGC,0,
TATCGGAATCAGGG,0,
GCGGACTGCTTAC,0,
GTCACTATCGGAATGAG,0,
TCAGGTAAGCAGTCCGCG,0,
CATCCGAGTCAGG,0,
CATTTGAGTCAGG,0,
GACGTACGTGATCGC,0,
CATAGGAGTCAGG,0,
CATAAGAGTCAGG,0,
CTGTTAGCGCTTTCAG,0,
TAAGCTAATAATAGCTT,0,
GTTAGTTGGGGGGTGACTGTT,0,
GCATATATATGG,0,
ACTTTTAACAGTCACCCCCC,0,
GCGGCTGTCATACC,0,
GCGGCTGTCATACCG,0,
CCCGGTATGACAGCCGCG,0,
CGCGCGGCGGCG,0,
AATTAATTAATT,0,
CGGGTACTCAG,0,
CTCAACATGTTGGGACATGTTC,0,
GGGTGAATTTAGCAGG,0,
GGTGAAATTAGCAGG,0,
ACGCGATTGCGCCC,0,
CGTACACATGC,0,
TAAGTACTTG,0,
GTAGAAAGCTAGCT,0,
ACCTGGTGTGTGGGTGTTGTGT,0,
TGTATAATGGG,0,
TGTACAATGGG,0,
TTAATTTATAAAATT,0,
AAATTTTATAAATT,0,
AGGGTTAGGGTT,0,
AGGGTUAGGGTT,0,
CCTATCAATTATCGC,0,
GCAGTTGATCCTTTGGATACC,0,
TCAGGTCACTGTGACTT,0,
GCTACTACGC,0,
AGTATATATTAATTAGTATAT,0,
CGTCCACTGGTCTAC,0,
CGTCCAUGTCTAC,0,
TCCTT,0,
TCCT,0,
TCCTC,0,
TACGCC,0,
AAGACTTGGAC,0,
CCTCTATCTGAAGCCGATCGAT,0,
TGCGCCGGCGC,0,
CGGGTACCCG,0,
GACATGCTTGCCT,0,
GGGT,0,
TTCCTTGGTCCTTCCCCC,0,
TTTTGGTGGTGTACAGTAGGGG,0,
GCAGACACTACGAGTACAT,0,
CGTAGACACC,0,
GTGCTGTTTGT,0,
CCTGGTCTACC,0,
TGCGTCCTTGTCTACC,0,
TGCGTCCTGGTCTACC,0,
TGCGTCCGAGTCTACC,0,
TGCGTCCAGGTCTACC,0,
ATGGAAGGCGCCCGAACAGGG,0,
AGAGAGATAAAGGGAC,0,
TCACGGACTATAAGTCAC,0,
GCTGATGCG,0,
AGGGAGGGCGCUGGGAGGAGGG,0,
GCGTAACGC,0,
GCGCTGGTCAAAGGCG,0,
GCCGTTTTCGGCCCGACTGTTT,0,
CGGCCATACTG,0,
AAACATGTTTAACATGTTT,0,
AAACATGTTTGCAAACATGTTT,0,
AAACATGTTTATAAACATGTTT,0,
GGCACAACTGCGGCT,0,
GGCACAACTGCGCT,0,
GCGTAACGC,0,
GCGTAACGC,0,
UAAAAGAAAAGG,0,
TTTCTTTCCCACAGTAAC,0,
GGGGGAAGGATTCC,0,
CAGCTCTGTACATGAGCAGTGG,0,
AAAGGCGCCGTGGTC,0,
AAAAGCGCCGTGGTC,0,
AAACGCGCCGTGGTC,0,
TGCCGGCGTTTTGCCAGT,0,
GCAGGCGGCCTC,0,
TAGGGAGGGTAGGGAGGGT,0,
GGCCG,0,
ACCCC,0,
CGCTTAACAGAGAAACCTCCTC,0,
ACGGGTAAGC,0,
AAGGGTGGGTGTAAGTGTGGGT,0,
GGGG,0,
GCCGCAGTGC,0,
GGCCGCAGTGCC,0,
TAGGGCGGGAGGGAGGG,0,
CGCGAACGCG,0,
CATGAAT,0,
CAGAGGATGTGGCTTC,0,
ATCACAATCCCGGTGCCGAGGC,0,
CCTGTTGCGTGTTCCAACACGC,0,
CAUGGCC,0,
ATGGACATGTCCAT,0,
CAGGCATGCCTG,0,
CCCCGGTACCGGGG,0,
TCACGGAATCCTTC,0,
TCATGGAATCCTTCCCC,0,
TCACGGAATCCTTCCCCC,0,
TCGCACCGGTGCG,0,
TCGCGCCGGCGCG,0,
TTCGACCGGTCG,0,
CCACTGCTCAUGTACAGAGCTG,0,
TGCGTCTGGACTACC,0,
TGCGTCCAGGTCTACC,0,
TGCGTCGGGACTACC,0,
TGCGTCAGGACTACC,0,
TGCGTCCTGGTCTACC,0,
TGCGTCCCGGTCTACC,0,
TGCGTCTGGACTACC,0,
TGCGTCGGGACTACC,0,
CAGGACTAC,0,
TCTCTCTTTGATGGCC,0,
CCATCAAAGATCTTTGATGG,0,
GCTCTTTCTCTCTTTGATG,0,
TATTGGTGGTCATT,0,
GGATGGGTACCATATTGGTAC,0,
TCAAAACGTCGTACGACGTTTT,0,
TCAAAACGTCTGCAGACGTTTT,0,
TCAAAACGTCCGCTGACGTTTT,0,
GACGTTTTG,0,
CGGGGATTAGAGC,0,
TGGAGGAG,0,
TAGTGACCG,0,
TAGTGTGCC,0,
TAGTGTGAC,0,
TAGTGTGAG,0,
TCAAGAGGCCCCCACTTC,0,
AAACGGCGCCGTGGTC,0,
AAAGCGCGCCGTGGTC,0,
AAATGGCGCCGTGGTC,0,
GAGCAGCCCGTACTCG,0,
TGCGAAATTCCATGACAAT,0,
GCGGACTGCTUAC,0,
GCGGACTGCTTAT,0,
CGAATTAATTCG,0,
CAGTAC,0,
CAGTAC,0,
AGCTACCGGTCTC,0,
AGCTACCGGTCTC,0,
GCGTATACGC,0,
GCGTGCG,0,
GCCTACCGGTTCGCGAACCGGT,0,
GGGATGGGACACAGGGGACGGG,0,
CATGGGAGTCAGG,0,
GCGGACTGCTTAG,0,
GCGGACTGCTTAT,0,
AAAGGCGCCGTGGTC,0,
TCGACAGTGAGAC,0,
TCGCAGTTATAC,0,
TCGCAGTGATGAC,0,
TCGCAGTATAC,0,
TCGCAGTGAGAC,0,
TCGCAGTTAGAC,0,
GTGUACAC,0,
CTTCTCAAAGAG,0,
CATAATAACAATATCAAGATAT,0,
CATAATAACAATATCTTGATAT,0,
CTGGGTCCT,0,
CTGGATCCAG,0,
TAATGCAACACT,0,
GCCATGCGCTAGT,0,
GCGTACACGC,0,
GCGTATACGC,0,
GCGTACACGC,0,
GTGCTGTTTGT,0,
TTTTTTTTTTTTTTTTT,0,
CCGGATCCGG,0,
GACAGTTTGG,0,
CCAAACTGTCTCACGACGTTTT,0,
TTTTCGCGTAAGCG,0,
TTTTCGCGTAGCG,0,
TTCGCG,0,
TTCGCGTAAGCG,0,
AATC,0,
AGCG,0,
AAACTCACAT,0,
TACTGTTT,0,
CGTTTCTTCTC,0,
CAGTAC,0,
CCATGGCTG,0,
CCATGUGCTG,0,
CCATGTGCTG,0,
TGCGTCAT,0,
AGCGTCAT,0,
AGCGTCAT,0,
GGCCCTCTTTAGGGCCTT,0,
GG,0,
TTACACC,0,
TTAT,0,
GCTT,0,
TTACAAT,0,
TTGTCGACTATAGTCTAC,0,
CGCGAAUAUACGCG,0,
GCGAAAGGGCACGTGCCCT,0,
ATGACACTGTGTCAT,0,
TGTG,0,
TGGTAGACGTGGACGC,0,
TGUGUGUGUT,0,
GCTGCGCGCTGG,0,
CGCGCATCGTCATCCTC,0,
TGACTGTATGATGACGATGCTG,0,
GTCCAAGGACG,0,
GTGGCCAC,0,
GTAGGACGGATAAGGCGTTTAC,0,
GATGCATTTGCAAATTTGC,0,
TCTGGGGTCCTAGGACCC,0,
GGGUGTACGTGATCG,0,
GUGTACGTGATCG,0,
AAGGTACGTGATCG,0,
GGTACGTGATCG,0,
GGGTACGTGATCG,0,
GTGTACGTGATCG,0,
GAGTACGTGATCG,0,
GCGTACGTGATCG,0,
GGGCGGGCCCGCCC,0,
GCGTAACGC,0,
CGTATAGACGCGGTGACAC,0,
GAGAACGCTCTC,0,
CGTTATTGGCAGGAAGCAC,0,
TTTTTTT,0,
TTTATCATATAAATAATATC,0,
TATTAATTCAAATAATATAAT,0,
AGCTGTCCACTGCTCAAAGTAC,0,
CGTACCATGC,0,
CGTCGTAGTGC,0,
TACAGATTCGTGTAGCTACACG,0,
CGGAATTAAGACTAGGTACT,0,
AGGGAGGTAGAGGGAC,0,
AGAGAGAUAAAGGGAC,0,
AGAGACGCGAAGGGAC,0,
ATGTAAACTGAAAGTTAAACTT,0,
GTTAAACTGAAAGTTAAACTT,0,
ATGTCG,0,
TACAAAATTCCATGACAGTACG,0,
TTGGGTGGGTGGGTGGGT,0,
TATTGCCGCAG,0,
GCTAC,0,
CGATGAGTAGC,0,
CGATGGGTAGC,0,
CGATCGGTAGC,0,
TCGTTTCGTT,0,
TCATGGAATCCTTCCCCC,0,
CATCCGAATTCG,0,
CCGAATTCG,0,
AAATTGACCAATCAGAGGTAGG,0,
TATAATGGGAGCTGTCACGGAT,0,
CCTGCATCCGTGAGUCGAGGG,0,
TGCAG,0,
CTCTAGGGTTAGGGTTAG,0,
CGTCAACAACAC,0,
AUAUC,0,
ATGTCG,0,
UUACGUUACACGCGUUAU,0,
UUACGUUACACGCGUUAU,0,
TTCGTGACAATGTCACG,0,
CGTCGTCAAGGACGC,0,
ACGTGACAATGTCACG,0,
AGTTCGTGACAATGTCACGAAC,0,
CCCTGCTGACTCAGCACCG,0,
TAGGGTGGGTTGGGTGGGGAAT,0,
GGGTGGGTTGGGTGGG,0,
GCCACCGGTGGC,0,
TTCGTCTTATCAGATGGAC,0,
AAGGTTATCTCTGATTTAGG,0,
GTTCAGCGCATGTG,0,
ACTCACAT,0,
AGCTCTCCCGGAGGCG,0,
TTTGCAGAATCGATTCTGC,0,
CGGTTACGGT,0,
ACGGTTACGGT,0,
GGTTACGCT,0,
GGTTAGGGT,0,
GGATACGGT,0,
GGTTTCGGT,0,
GGTAACGGT,0,
GGTTACGGT,0,
GCTTACGGT,0,
TGCCTCCCAGGCATTCAAAAG,0,
AGTAGCACGTGCTACT,0,
AGGGTCATGTGCTAAC,0,
CGCGAAUCUCCGCG,0,
CGCGAAUCTCGCG,0,
CGCGAATTUCGCG,0,
CGCGAATUCCGCG,0,
GCGGACTGGTTAC,0,
AGGAACACGTGACCC,0,
GACTGACTGACATGTCAGTCAG,0,
TTCCGCCCCGGCTTCCC,0,
CCGCCTGGCTTCCC,0,
TTCCGCCCGGCTTCCCCCT,0,
TTACGCCCTGATCAGTGCC,0,
TTACGGCCGATCAGTGCC,0,
CGATAGGTAG,0,
CGATTGGTAGC,0,
CGATCGGTAG,0,
CTATGCAATATTTCATAT,0,
GAACCGGTTCGAACCGGTTC,0,
GAACATGTTC,0,
TCGTATGCCTATAGTTATTGTG,0,
GGGTTAGGGTTAGGGTTAGGG,0,
CGTATGCCTATAGTTATTGTGG,0,
GTGGTCGTATGCCTATAGTTAT,0,
TCACTGGATGT,0,
GTCCGGTAGTGACT,0,
GTCCGGTAGTGACT,0,
GTCTGGTAGTGACT,0,
CAAACTCAC,0,
TTGTCTTATCAGATGGACTC,0,
CAAACTCACAT,0,
CCCGTTAGTCC,0,
GATCG,0,
GAGGAGGCTTTTTTGGAGGCCT,0,
GCGCATGCTACGCG,0,
GGATATATCC,0,
CGCGAACGGAACGTTCGCAT,0,
TATAAAATGTACGGACAAATT,0,
ATCGAGCTCGGTGATTGGCTC,0,
TAAAATGTATACGGACAAATT,0,
AAAATTGTTCGTACAAATATT,0,
GGAAGAGATTCCC,0,
CATGATAUUGUUAUUAUG,0,
TCATGATATTGTTATTATG,0,
CATGATATTGTTATTATG,0,
CCATGATATTGTTATTATG,0,
CATGATATTGTTATTGT,0,
UCUUUUU,0,
CUUUUUU,0,
UUUUCUU,0,
UUUUUUU,0,
UUUUUCU,0,
UUUCUUU,0,
UCUUUUU,0,
UUUUUUU,0,
TGGAATCAGGTGTCGCACTCTG,0,
TGCGTCCGAGTCTACC,0,
GCGTACCATGC,0,
CGTACCATGC,0,
AGGCGGGCAG,0,
CGGCGGGCAGGG,0,
CTGACTTC,0,
AGTATAATTATTATACC,0,
ACCGGAAGTG,0,
ATTGTTCTCTAAAGAGAACTT,0,
CGAAACGACGGCCAGTGCC,0,
GCGTCGAGACGC,0,
GTTCCAATTGG,0,
CCTGACCTTTGACCTAGTTC,0,
TGGTAGACTTGGACGC,0,
GCAGGCGAGGGGTCTGACCCCT,0,
GTGAGGGGTTAAACCCCTCAC,0,
TGGTGAGGGGTTAAACCCCTC,0,
GCGCGCGG,0,
ACTGGATCC,0,
GGCTACAGGACTCG,0,
CCTGACTCGG,0,
TCACGAGTCCTGTAGCC,0,
GCGAGTGATATGGACGG,0,
ACCAAACAACCCACCC,0,
TCTTGGGTCCTAGGACCC,0,
GGGTCCTAGGACCC,0,
CCACCTATCTTGATTTCAATC,0,
TCTGGGGTCCTAGGACCC,0,
CGCCTCGGCCTCTGAGCTATTC,0,
ATGAGGGGTTAGACCCCTCGC,0,
TCTCGGGTCCTAGGACCC,0,
CTAGGGTCCTAGGACCC,0,
CATAGAGTCAGGCT,0,
CAACGAGTCAGGCT,0,
CAACGAGTCAGGC,0,
CATAGAGTCAGGTT,0,
CAAAAGAGTCAGGCT,0,
CAGAAGAGTCAGGCT,0,
ATCTTGTCGC,0,
TACGTCAT,0,
TACGTCATG,0,
TAGCGTCATG,0,
TAGCGTCAT,0,
TAGCGTCAG,0,
TACGTCATC,0,
AAATTTGCTCACCCCAAAC,0,
AAATTTGCTCAACGCTCAAAC,0,
AAATTTGCTCAACCTCAAAC,0,
AAATTTGCTCAATTTCAAAC,0,
,0,
C,0,
CTTTTTTTTTTTTT,0,
CGCGCGATTCGCG,0,
CGCCGAATTCGCG,0,
ATGCGGCAT,0,
ACAAAACAATACAAACTGTGTG,0,
TAGGGTTAGGGT,0,
TTTCGTCTTCGGCAATT,0,
ATCGGATGTATATATCTGACAC,0,
UGUUCGACGAGAGAC,0,
UGUUCGACGAGAGAGAC,0,
AGCTGTCCACTGCTCAGTAC,0,
CGACGCTAGCGTCG,0,
CGCGAATTCGCG,0,
ATAATGCTGACGTCAGCAATT,0,
GGACTGGTATTGGG,0,
GCGGACTGGTATTGGG,0,
CGCGAATTGCG,0,
CACTTCCGGT,0,
TTACGTGAGTACTCACGT,0,
TTGTGGTGGGTGGGTGGGT,0,
AGTGAGTACTCACT,0,
GTGAGTACTCAC,0,
CGCGAACTGCG,0,
CGCGAACTGCGC,0,
CACAAGACGAGACGTACCGTCT,0,
GGCGCGCGCGCC,0,
GGAATTATAATTCC,0,
GTCATTGTGGATCCGAG,0,
TGTAGATTCGAG,0,
CCAACGAGAGAAAACGAGGAAC,0,
ATAAAATACCTATGGAGTATTT,0,
TTTGCATACTAAAAAGGTATAT,0,
AAAAGCGTACGC,0,
CGCGAATTGCG,0,
TGGCGTACGC,0,
AAGCGC,0,
TTGGGTGGGCGCGAAGCATTCG,0,
AGGGTGGGTGCTGGGGCGCG,0,
GGGAAGGGCGCGAAGCATTCGC,0,
GGTTGGCGCGAAGCATTCGCGG,0,
GCGCGAAGCATTCGCGGGGAGG,0,
CGCGAAGCATTCGCG,0,
CGCGAATTCTCG,0,
GCCAACGTTGGC,0,
GCTGATGCGC,0,
AGGCTTGTCTCTAACTTGTG,0,
AAAGATTGAGATCTCAATCTTT,0,
,0,
AGCTGCCAGGCACCAGTGTC,0,
AAU,0,
CATTCGAGTCAGG,0,
AAAAAT,0,
,0,
CATGAGAGTCAGG,0,
CATTAGAGTCAGG,0,
CGTCGTCGTGGACGC,0,
CCACTTCCGGTC,0,
CATGCGAGTCAGG,0,
GCGATGGTTAACCATCGCTG,0,
GGGCGGGGAGGGGGAAGGG,0,
CCGGTAUCGG,0,
CCGGTAUCGG,0,
CCGGTAUCCGG,0,
GATAAGGCTTATCTGGTCTCAT,0,
ACCATCTGTTC,0,
TCACGAGTCCTTAGCC,0,
AGCCGTAGGTACACCGCAC,0,
CAATACATGCAATCGATGTAT,0,
GCGATATCGCTG,0,
TACGCGT,0,
TATGCAT,0,
TTTGTGGGATTTCATGATG,0,
AGGTCATGAAT,0,
CAAAGGCGGTAATACGGTTATC,0,
CGCGAATTCGCG,0,
CGCGAATTCGCG,0,
CGCGAATTCGCG,0,
GATGATGCTG,0,
TAGAGGGTTAGGTTTATAT,0,
TGTGCGGGGTGGACGGGCCGGCGT,0,
ATCTGCCGATTCT,0,
AAAGGGATTTCAGTATGAAATG,0,
AAACTCGTTTCATCATGAAATC,0,
TAATCACACGGACTATAAGTC,0,
TGTGTGATTATAGTCAAC,0,
AAAGTACTTGAGCT,0,
TCGCGCGCGCGCG,0,
AAAGGGCGCCGUGGUC,0,
AGGTTGGCGGGTTCAC,0,
TTAGGGTTAGGGTTAGGGTTAG,0,
CGGGGCGGGCCTTGGGCGGGGT,0,
GGAATCAGGTGTCG,0,
AGUCUGCGGCGCGC,0,
CTGGGCGGTAGAACCATAGTG,0,
GCGGACTGCTTACC,0,
ACAGGTAAGCAGTCCGCG,0,
GTCCGTGGTAGGGCAGGTTGGG,0,
CGAAAGTTTCG,0,
CGAAAUTTTCG,0,
TGAATTAGACCAGTCGTCTAG,0,
CGGAGGCCAGGGGCCCCCGGCC,0,
GCAGTGCTCGCAGGTCGTTTTT,0,
ACGACCTGCGAGCACTGCTTTT,0,
GGTACGACCTGCGAGCACTGCT,0,
CGACTAATTAGTCG,0,
CCTGT,0,
CGGGAATTCGCG,0,
GTGAACTTTCGGT,0,
AATAAATTTATT,0,
GCGTAUACGC,0,
CUCUTGAACGCGGUU,0,
CGCGAATAUTCGCG,0,
CGGGCTTGCCCG,0,
CGCGAATATACGCG,0,
GATCTCGACGCTCTCCC,0,
GCCGCAGTAC,0,
AACGGCGCCGTGGTC,0,
TTGGCGCCGTGGT,0,
TTCGCGCCGTGGC,0,
TTCGCGCCGTGGC,0,
AGGCGCCGTGGT,0,
ACCACCGGTGGT,0,
GAATCATAAC,0,
GTTCTAGAAC,0,
TGGAACGCAATTCT,0,
ATCTGTACATGTACAGAT,0,
ACGTGAACTTGCACTTG,0,
AACCCGGAAGTGAG,0,
GGTGGTGTGGTTGG,0,
GGTTGGTGTGGTGG,0,
CGCTCAACACGC,0,
CGCTCCACGC,0,
CGCTCCACGC,0,
TATACAACC,0,
TACTACCTCG,0,
ACCTACTACCTCG,0,
ACGGGCAAGTCTGGGCAAGTCT,0,
CGACCCAGTGCT,0,
CGCGCGCGCGCG,0,
CCAACCAAGCCCCATACCCC,0,
CCGACGGCGCATCAGC,0,
GCTGATGCGGC,0,
GCCGGTCCCGATAACCAACTT,0,
GCTGATGCGAG,0,
CCGACGTCGCATCAGC,0,
GCTGATGCGAC,0,
GGCAGGUUUGGUAUUAAC,0,
,0,
GTGCTCACCGTCCGCTGGTCGC,0,
TGAGGGTGGTGAGGGTGGGG,0,
GTCGGCTG,0,
GTTGUAGCGT,0,
GCATAGCTGTCAGCTATGC,0,
CGTAT,0,
GGGCATGCCC,0,
GCGGACTGGTTAC,0,
GCCACGCCTC,0,
GCGGACTGCGTAC,0,
GCGGACTGCTGAC,0,
GCGGACTGCTTGC,0,
GCGGACTGTTTAC,0,
GCGGACTACTTAC,0,
GCGGACTGCTTTC,0,
GCGGACTACTTAT,0,
TTGTCTCCCAAAGGGAGAC,0,
TGTC,0,
CGGGCGGGGTGTAAAAAAAGT,0,
CCAGCCAAGCGCACCTAATTTC,0,
TATGACCTGAAGTGACCT,0,
CTGTCTCATGTCGC,0,
TGTCTCATGTCG,0,
TTGCTAAGATTTTCTTAGTTT,0,
TTACTAAGTTTTCCTTAGTGT,0,
CATCTTCCTCTCTCTC,0,
AAGTGCACCCATT,0,
CGCGATTTCGCG,0,
CGCGATTTCGCG,0,
TCGCGCGT,0,
GGCCCTCTTTAGGGCCTC,0,
GGCCCTCTTTAGGGCCCC,0,
TTGGCCCTCTTTAGGGCCCC,0,
CGCGTTGTCC,0,
TAACGGAT,0,
CTTGGATCTCGACGCTCTCCCT,0,
AAAACTTATCAAAAACTT,0,
TTTTTTTCTAATGCGAGCACTG,0,
CGCAGCGCGCAGCCCT,0,
GGAAGCCACATCCTCT,0,
GGCGAAGCCGGGTGCGAAGCAC,0,
ATTAACATCAGGGTTCTCTAAT,0,
TTTTTTTTTTTT,0,
ATTAACTTCAGGGTTCTCTAAT,0,
CCGACGTCGCATCAGC,0,
AGGTCACGGTGGCC,0,
TTTTTTTTTT,0,
CTCTAGAGTTTCCTACAGTCAT,0,
CACGTTCGTAGCATCGTTGCAG,0,
AGCGTCAC,0,
AGCGTC,0,
CCATCCGGACC,0,
AACTTCGATCAC,0,
ATTTAGTTAGATATCTAACT,0,
CCGAATTCG,0,
CTCGGCGCCATC,0,
CTGTGTGTAAGCACG,0,
GAATGTGTGTCT,0,
GAATGTGTGTCTCAATC,0,
AGAGAGACAAAGGGAC,0,
AGTCTAGTAGTTGGAC,0,
AGTT,0,
CCAAAACAATACAAACTGTGTG,0,
CGGACAGAAG,0,
CGGACAGAAG,0,
AGGGGGGAGGGAGGGTGG,0,
CTCTTTTTTCTCG,0,
ACTTCCGGTC,0,
GGAGUAUGUAUUGGCACUGAGCAUACUCC,0,
AAAATTTT,0,
AUGGUCGGCGCCCG,0,
AUGGUCGGCGCCCGAAACAGGGACUGU,0,
AUGGUCGGCGCCCGAACAGGGACUGUG,0,
CTAACGTGGATGATAATTATC,0,
TGCTCGATACAATAGGCC,0,
GCGCGTTAGTGTTTACGCGG,0,
AGTGTGAC,0,
AGTGTGAG,0,
ATAAACGGGGCGTCCCGTATGT,0,
CGCCGAATTTGCG,0,
CCGACGTCGCATCAGC,0,
TTCACGGTTTCCTGTTATTGT,0,
CAGTTCC,0,
TCTTATACTCTATC,0,
TATAACGTATTTGCTTCTCTT,0,
CAGGGAGTAACGGAATGTAC,0,
GGTTAAATAACATACTTCACT,0,
GGGTTGGGTTTTGGGTGGG,0,
GGAUAACUCAAUUUGUAAAAAAGUUUUAGAGCUAGAAAUAGCAAGUUAAAAUAAGGCUAGUCCGUUAUCAACUUGAAAAAGUG,0,
GGGGTTGGGGTTTTGGGGAAGG,0,
ACTGCTGAGTACCAT,0,
ACTGATGAGTACCAT,0,
GGAATCAGGTGTCGCACTC,0,
TTGTTGTTGTTCTCTG,0,
AAAAAGTGTAGATAAGTACACC,0,
CGACGCGTCG,0,
ATACTG,0,
AAGTTAAACTTTTTTG,0,
AAGTTAAACTTTT,0,
AGAGGATGTGGCTTC,0,
TAGATTGTTAATCGATTAAC,0,
CAGGAGTCCTGTAGCC,0,
TTCAGGAGTCCTGTAGCC,0,
TTTTCTGAGACAAGGGAGCTTT,0,
TCTGAGACAAGGGAGCT,0,
TTAGGTGGACGGATCATT,0,
GCT,0,
CTGAGTCAGAGC,0,
GCTGATGCGAT,0,
GGTGTGC,0,
AATCAGACAGCCCACATGGCAT,0,
GAGCCGATCC,0,
CAGAACAGAGTGTTCTG,0,
GCACCGAAAGGTGCGTATTCTT,0,
GCACCGCTAGCAGCGCCCCTAG,0,
CCGACGTCGCATCAGC,0,
ATAAAGTATAGTGTGT,0,
ATAAAGTATAGTGTGT,0,
ATAAAGTATAGTGTG,0,
TGGAGGATACC,0,
GGTGATGGGC,0,
CTTGAATGGGCC,0,
TACGCCCACGC,0,
TACGCCCACGC,0,
TACGCCCACGC,0,
CCTTCTGCAGCAGAGATTTCCC,0,
CCTG,0,
CGGACAGAAG,0,
TCCTACGTGCCAG,0,
CTGTCCTACGTGCC,0,
GGGTTTTGGGTGGGTTTTGGG,0,
GTTGGGATTG,0,
TCAGAACACTCTGTTCTG,0,
TCAGGTCACTCTGACCTGG,0,
TGGGTTTGGGTTGGGTTTGGG,0,
TCAGGTCACTCTGACCTG,0,
TAGTCATGAAATGTTATAATAT,0,
GCTGATGCGCG,0,
GGTTGGTGTGG,0,
CCACGCGTGG,0,
UUUUUGU,0,
UUUUUAU,0,
ATTACTATAGGCGCTCCAGGC,0,
GCTGAGGAGTCT,0,
GAGGCGTG,0,
TTGGGGGGGGGGGGGGGT,0,
AGACTCCTC,0,
AGACTCCTCTTTTTTTT,0,
CTACGCGCGTAG,0,
CGCGCCGGAACTTAC,0,
CTCGAATTCGCG,0,
CGTTGCTACGCGTGGCGAGCCG,0,
GTGGCGAGC,0,
CGTGGCGAGC,0,
GGGATTGCCGCTTAGG,0,
GGGATTGCCGCCTAG,0,
GGGAGCGAGGGAGCG,0,
,0,
CCCCCCCCCCCCCCCC,0,
TCCGCCGCCG,0,
CAGTGGTCTAGACCACTGG,0,
CTTACGCGTCATTG,0,
GGTCGGTGACCGACC,0,
GTGGTCTAGACCACT,0,
TCACGAATCCTTCCCCC,0,
CTAGGGTCCTAGGACCC,0,
GGATCTCGACGCTCTCCCTT,0,
ATCCATCTCGCTCAT,0,
GCGCGCGCGCGC,0,
AUCGAGAU,0,
AUCGAGAGU,0,
AUCGGCUC,0,
TTTTATGTTCTGGTTTGACCAG,0,
GCACTATATATCACG,0,
TTGCGGTTAGGGTTAGGGTTAGG,0,
ACUCGGAUGAT,0,
GGTGTACAAGTATGAAATGTCG,0,
ACTCGGATGAT,0,
CGCGAATTCCGCG,0,
CGCGAAUTCGCG,0,
CGCGATCTTCGCG,0,
CCTCAATAGGGTGAGGGG,0,
CCTGGATGGG,0,
CATGACGTTCCT,0,
CCTGGATGGG,0,
GTCACTACCACAAGCTACGCG,0,
ATTGAACTCTGACCCC,0,
CTAGTTCAAAGTTCAC,0,
TGAGTTCAAGGGTCAAT,0,
TGGTGGTGGTGGTTGTGGTGGT,0,
CTAAAGGUTTC,0,
CTAAAGCTTC,0,
CTAAAGTTTC,0,
CTAAAGATTC,0,
TGTCAGT,0,
CGTGTAAGGAATTCTGACACG,0,
GATTTGACGCTAG,0,
TTGACTCGACATCCCCCGCTAC,0,
TCCGTAGCGTC,0,
CGTAGCGTC,0,
CCTAGCGTCAG,0,
CGGTAGAATTGTAAAATTCTAC,0,
ATGGACGGCGCCCGAACAGGG,0,
CGTTGAATGACAGCCGCG,0,
GCGGCTGTCATTG,0,
ATTAAT,0,
GCC,0,
ACCGCCGGGTGCC,0,
TCTAAGTCTAAG,0,
ACGATCTTT,0,
TTTAAGTTTAAG,0,
ACGATCTTTAG,0,
GCTGATGCGCC,0,
GCCGCGTCAGACTCGTAGGATT,0,
CCGCGTCAGACTCGTAGGATT,0,
GCTGCGCGCTGG,0,
GGTGTACAAGTAGGGAATGTCG,0,
ATTTCTTCTCATTAGTAAGGAC,0,
TTCTTAAGTCC,0,
AAATCGTTCTTAAGTCC,0,
GCGAUGAGGUGGUGAAGGGUU,0,
TCTAGGGTCCTAGGACCC,0,
TCTAGGGTCCTAGGACCC,0,
CCGACGACGCATCAGC,0,
GCTGATGCGTC,0,
TACGCCCACGC,0,
CGGCCCCATGCCCGGGCGGG,0,
TCCCTGTTTCACGTGGAACACC,0,
TGCTCTCAGCCGCAAGGACCGC,0,
TTGCGCTTGCGCTTGCGCTTGC,0,
TGTCCACGTCT,0,
GTGCTGACGTCAGCACGACG,0,
TCGAGCAACAATGTATCAAATC,0,
CCCATAAG,0,
AATAAG,0,
TTTATAAG,0,
CTUATAAAATAAG,0,
TCGGCGCC,0,
TCCTTTTCC,0,
CAUGAGGACUUGGGGUUUAGC,0,
TTTTTGGG,0,
TTTTTGC,0,
TTTTTGT,0,
TTTTTG,0,
TTTTTGG,0,
GGATAGCTAGGAG,0,
GGATACGTAGGAG,0,
GGACGGCCGGGAG,0,
GGATAATTAGGAG,0,
GGACGATCGGGAG,0,
GGACCGCGGGGAG,0,
GGACCATGGGGAG,0,
GGACAGCTGGGAG,0,
GGACACGTGGGAG,0,
GGAAAGCTTGGAG,0,
GGAAACGTTGGAG,0,
GGAATCGATGGAG,0,
AGGCCGGCGTG,0,
GGAAAATTTGGAG,0,
TGATGACCGTAG,0,
GUGAUGACGUAGAG,0,
TTTTT,0,
ATATCGATAT,0,
GTGTACAC,0,
CCCCCCC,0,
CTACCGATAAGCAGACGACCCCT,0,
TTAATTGCAAATCATTTGCAAT,0,
CGCGATAATGATAATCATTATC,0,
GAGCGAGCATCATG,0,
GCTC,0,
ATACAGCAGTAGACTATGAT,0,
ACTGGCCGCCCTGGAGAATCCC,0,
GCTTATCCCCTTAAGGGGATAT,0,
ATATCCCCTTAAGGGGAT,0,
TTATCCTCACTAAAGGAT,0,
CGGAAATTAAATTAC,0,
GGGGGAAGGATTAC,0,
TACTAGCCATGGC,0,
GGCTGCGTACGTGCGGGTCGT,0,
GCGGAGACATGGACAG,0,
CCGACUGCGCATCAGC,0,
GAAGAAGAG,0,
CTCGGCGCCATC,0,
UCGAGAGG,0,
TACTATGTTGTAACT,0,
TGTAATGTTGTAACT,0,
TGATATGTTGTAACT,0,
TATTATGTTGTAACT,0,
GCCACCCCCTTTTATAGCCCT,0,
CTATTCAAGCCAAGCGCACCT,0,
TATATCACTATCGATGATAT,0,
GTAGTATCACTATCGATGATAC,0,
CTACCCAAGCCAAGCGCACCT,0,
GACCTTCCAGCAAGGGGAAGGT,0,
TAAACCTTCCAGCAAGGGGAAG,0,
GGACTTCGCG,0,
TGGAACGGAATTCT,0,
GCATGGGTGTAAAAGTAACACT,0,
ACTCCTCCGAAAAAACCTCCGG,0,
TGTCAGCGCATGG,0,
AGCTGTCCATCGCTCAGTAC,0,
GCTCTAGCTAATAGACTGAGCC,0,
CCCAATACCAGTC,0,
GAGCGAGCGAGCGAGCGCCG,0,
GACGTTCTG,0,
TCAGAACGTCGTACGACGTTCT,0,
GCGATACGGCACTGGCCCTCGT,0,
CGCCCAGCGAGCGAGCGAGCG,0,
CTTGACAAAAGTGTTAAATTGT,0,
TAGCACAATTTAACACTTTTGT,0,
AGCACAATTTAACACTTTTGTC,0,
GCATCCGTGAGTCGAGGGTAAT,0,
GGGGCCGGGGCCGGGGCCGGGG,0,
TAATACCCCCCCTTCGGTGCTT,0,
ATGTACAAAAGCTTGACAAAAC,0,
TCGCGCCG,0,
GGGUACUUAAGCCCACUGAUGAGUCGCUGGGAUGCGACGAAACGCCC,0,
GGGUACUUAAGCCCACUGAUGAGUCGCUGGGAUGCGACAAAACGCCC,0,
CTCGACCGGTCGAG,0,
GGATCCGTCGGGCGCATCAGC,0,
CGAATATCAGTTAAACTGATAT,0,
GCATGCATGC,0,
TTGGGTTAGGGTTAGGTTAGG,0,
CATCTAAACACCAGAACGAGT,0,
AAACACCAGAACGAGTAGT,0,
ATCCAAATGGATTCGAATGG,0,
ATCATGGAATCATTGAATGG,0,
ATCCAAATGGATTCGAATGG,0,
CGGACTTTCGGG,0,
TGGGTGGCT,0,
TGGTTTGCT,0,
CAGTACG,0,
CCACCGGTGGT,0,
TCGGCGCCG,0,
AGCTTCGACAGT,0,
AAATACATACGTACAAATATT,0,
AAAAACGAGTGGAAAACAG,0,
ATATTTGTACGTACTAATTAT,0,
TGACAGCTAACG,0,
CAATTATCCTGTC,0,
AGCTGACAGCTGTCAAG,0,
GCTAAACCTGAAAGATTATGCG,0,
TTTTTCGTAGCTGAGGCCCTC,0,
GAGTCGATGCTTTTT,0,
TTTTTTCGTAGCTGAGGCCCTC,0,
TTTTTTCGTAGCTGAGTTGAGT,0,
GCTGATGCG,0,
GGAAATATTGGAG,0,
GGAAACGTTGGAG,0,
GGAAAATTTGGAG,0,
GGAAAGCTTGGAG,0,
CTTGCTTAGGATAATATTAAG,0,
TTGCTTAGGATAATATTAAG,0,
ACTCTGCCAAGAGG,0,
TCGCGCGCGCGCGCGCGCG,0,
TCTCTAATGGCTTTC,0,
GUGTCAC,0,
GCTGGCTTCGTAAGAAGCCAGC,0,
TTTTTGGCGGG,0,
ACTCGGACGACGAT,0,
GAGCGTATGGCCATACGCTT,0,
GAGCGTACGGCCGTACGCTT,0,
GAGCGTAC,0,
ACTCGGACGAT,0,
TCTCACACCTTTGAAGTGG,0,
GGCCCAGCCAAAT,0,
CATTCCATTCCG,0,
TGAGCGGTGGTTGGT,0,
CTCATACAGAACTTATAAGATT,0,
TTTTGCGATCCTTATATAGCTG,0,
ATTGAAGGGCTTAAAATAGGTG,0,
GTGAATATTCTAGAACC,0,
TACG,0,
GGTATCCTCCATTATCAGGTGT,0,
GGTATCCTCCATTAT,0,
ATTATCTATAGATCTATAGAT,0,
GTGACGTAGGTTGGTGTGGTTG,0,
TTCCAACCACCGCTCAACTC,0,
ATCCGATGGATCATACGGTCGG,0,
GCACUAGAUCGGAUG,0,
GGGTGGGTGGGTGGGTTAGCGT,0,
GCGGCGG,0,
GGGTGGGTGGGTTGGGTTAGCG,0,
CTAATCGCCAGCGTCTCATCTT,0,
AGCGATACGGCACTGGCCCTCG,0,
ATGCTGATCCGC,0,
TATGGTGATCCGC,0,
ATCTGCAACAGTCCTAACATTC,0,
GAATCCCGGATTC,0,
CGCGCG,0,
CAGT,0,
ACCACTTCAAAGGTGTGAGAAG,0,
CGCGCG,0,
CAGTAC,0,
AUAAACCGACGGUAUUGUUCAGAUCCUGGCUUGCCAACAGGAGUUCCCCGCGCCAGCGGGG,0,
AATGTTGTCTTATGCAATACTC,0,
ATCCACGTGGCTAGGGAGGCC,0,
ACACGTGGCTAGGGAGGCCTC,0,
ACCACGTGGCTAGGGAGGCCT,0,
TCTGTCTTCCTAGGAAATCCAT,0,
ACTACGTAGTT,0,
AGGCTTTGTTCTCCTG,0,
GGAGG,0,
UUUUUUUU,0,
UUUUUUUUC,0,
UUUUUUUU,0,
UUUUUUUUU,0,
AAAGTTGGGATTGAGACACAC,0,
GTACTG,0,
GTGGCCAC,0,
GCGATAAATGCG,0,
GGGGGGGGGGGGGGG,0,
GGTCATGAATGACTATGCACGT,0,
CCGATACCACCCCAGCGCACCT,0,
CCGATATCACCCCAGCGCACCT,0,
GCCCAGACAATGCTAGT,0,
AAATTTGCAGAAAATTCCTAC,0,
AAATTTGGAGAAAATTCCTCC,0,
AAATTAGCTCGAGATTCAAACT,0,
AAATTCGCTCAAAATTCAAACG,0,
CCCUCG,0,
GGTAAAGGGTTGAATAAGCGG,0,
AGGGCGGTGTGGGAATAGGG,0,
GCCGCCAACAT,0,
GGAUAACUCAAUUUGUAAAAAAGUUUUAGAGCUAGAAAUAGCAAGUUAAAAUAAGGCUAGUCCGUUAUCAACUUGAAAAAGUG,0,
AAATTGGCTCAAAATTCAAACC,0,
ATCGGAGAATCCCGGTGCCGAG,0,
GATGAATCTATGTAAATACTAG,0,
TGTATGTATGTATGTATGCAT,0,
GAATCTATGTAAATTTACATAG,0,
GGAAAUUAGGUGCGCUUGGCGUUUUAGAGCUAGAAAUAGCAAGUUAAAAUAAGGCUAGUCCGUUAUCAACUUGAAAAAGUG,0,
GGTTAGTAGGTTTAAAGGGTAC,0,
GGGATGGCCTTAATATTGTGGG,0,
TTTTTTTCCGGGGCCGCGC,0,
TTAGCTAATAGACTGGATGGAG,0,
GGGCTTGATAAGGATTATGAGG,0,
GTCAGGCATGG,0,
GGGTACACCTGACAATGGAGG,0,
GTGGTACACCTGAGAATGGAGG,0,
CCAAGTTTAGCTAAACTTGG,0,
CCTGGACGGAACCAGAATACT,0,
AUACAU,0,
TTTAACAGTTAAGTAT,0,
ATTGCCTAACTGTAG,0,
AATTCTTAACTGT,0,
ATCCTTCCCCTAC,0,
ACAGTTAAGAAT,0,
CAAAAGTGCATTACCCTTACCT,0,
GATCATACAACG,0,
GAAUAACUUGCAAAAUAACAAGCAUUGAAAC,0,
CATGTGTACACAAG,0,
CGAATTCG,0,
ACGAATTCG,0,
ACGAATTCG,0,
GTTATGTCGGAT,0,
CTAGATGCTGTGAATCAGCTGT,0,
ATTTCTTAACTAGTCG,0,
TGACGCCGGCGTC,0,
CGCGGTGACCGTCTCTCGCCAC,0,
GGTTGCCAAGCGCACCTAATTT,0,
AAAACGAGGGCCAGTGCCGTAC,0,
CGCTATAATGCG,0,
AGCCGTAGGTTCACCGCAC,0,
GTG,0,
AAATATGCTCTATGATTAACAT,0,
GATCTATATGCCATCGG,0,
GTGATGACGTAGAG,0,
GCTATAGC,0,
TTGTGTGGGTGGGTGGGT,0,
TATTATGCTCTATGATTAACAT,0,
CGTAGTTCGTGACAATGTCACG,0,
TGTCACGAACTATGTAGTTCGT,0,
CTGATGGC,0,
GATGTACGCTAGGC,0,
ATCAATATCCACGTGCCAGTT,0,
ATCAATATCCACGTGCCAGTT,0,
AGCGTCAT,0,
TCCCTATCCCCTTAAGGGGAT,0,
CGGCCGCCG,0,
TGGGCCCTTGTGAGCCACCTC,0,
ATCTGGACGTTCGATTTTCG,0,
CCAGAACATGATGTTCTG,0,
CCAATAATCGCGATTATTGG,0,
CCAGAACATCATGTTCTG,0,
CCAGAACATCATGTTCTG,0,
CTTAGAGTGCACTCTAAG,0,
CTTAGAGTGAACTCTAAG,0,
CTTTTTGCCTAAAATGTGAT,0,
CACACACAGAC,0,
GCGCATGCGCTACGCG,0,
TTTTTTAATTTT,0,
CCCCCCCCCCCCCCC,0,
CTGGGCGGGACTGGGGAGTGGT,0,
CGTCCACTGGTCTACTAGACCTGG,0,
TAGACCTGGACGG,0,
CGTCCACGTCTACTAGACCTGG,0,
CCTGCATCCGTGAGTAGAG,0,
CGAGGTAGTAGGTTGT,0,
GGACATGTCC,0,
TTATCCTCACTAAAGGAT,0,
TTTATCCGCGATCGCGGAT,0,
TTTATCCGCTCTACGGGAT,0,
TTATCCGCGATCGCGGAT,0,
GTGCTGTTTGT,0,
TGGTGGTGGTTGTTGTGGTGGT,0,
TTATCCGCTCTACGGGAT,0,
CGUGGUUAGGGCCACGUUAAAUAGUUGCUUAAGCCCUAAGCGUUGAU,0,
CGAATUCG,0,
GCGTATACGC,0,
GUGTACAC,0,
GCGTAACGC,0,
CGCGAATTCGCG,0,
AAATTAGCTCAAAATTCAAACT,0,
TTTTTGGC,0,
ACAGTCCCTGTTCGGGCGCC,0,
ACAGTCCCTGTTCGGGCGCCT,0,
ACAGTCCCTGTTCGGGCGCCG,0,
CGCGAATTCGCG,0,
CAGTTTCAAACTC,0,
GAGTGGCCTTATTAAATGACTT,0,
GAGCAGACCTGACGACACTC,0,
AGCGTCAAC,0,
CATATGACGCT,0,
ATGGATTTCCTGGAAGACAG,0,
CGGCGGTACTG,0,
CAGTAAT,0,
CAGTACT,0,
TCCACGGGTC,0,
TCCACGGGTC,0,
TCCACGGGTAC,0,
TCCCCC,0,
ATCCGGTAG,0,
TTAGGCCTG,0,
ATGGAGCTC,0,
TTAGGCCTG,0,
ATCCGGTAG,0,
CTGGGGTCCT,0,
AGACTTGTCC,0,
GATGACTGCTAG,0,
TAATATACTTAATT,0,
CTAGCGGTCATC,0,
CAGT,0,
TACTTACTTAATTCATTGAACG,0,
ATGGAGCTC,0,
CGGACTCTCGGG,0,
ATGGGCTC,0,
TACCCCCACGC,0,
TACTCCCACGC,0,
GCCACACCTC,0,
GCCACACCTC,0,
AGGGATCCCT,0,
AGGGTACCCT,0,
AGAGGCCTCT,0,
CACTTCCGGTC,0,
CGCTCTCACGC,0,
AGTCATTCATG,0,
AACCGTATTAC,0,
CGTATTACGTTGTAT,0,
ACGATGGAGCCGCTAGGCTC,0,
GAAUCAGGTGTC,0,
AGCTGTCCATCGCTCAUGTAC,0,
ATGATTTACGTAAAATAG,0,
,0,
AGCTGTCCATCGCTCAAAGTAC,0,
CCGGCGCCGG,0,
CCGGCGCCGG,0,
AGCGTCATC,0,
TCGACCGGTCG,0,
CCTGCCTG,0,
TTTATTT,0,
CGATTGGATTGTGCCGGAAGTG,0,
TCGATTGGATTGTGCCGGAAGT,0,
TAGAGACATATATGTCACT,0,
GCTGATGCGT,0,
GCTGATGCGG,0,
GTGTAGGCCACGTGACCGGGTG,0,
TTGTGTTTTATTGGGTCC,0,
GGACGGGGCCTAGGC,0,
GGACGACGTGTAGCG,0,
ACGGCACTTGGCACG,0,
GGACGACTTGTAGCG,0,
AGCTGTCCATCGCTCACGTAC,0,
GGTCAAGGCTAG,0,
AGAGGTCAAGGCTAG,0,
ATCTTT,0,
CCTCGTAAAACTGTCAAC,0,
AAAGATATCTTT,0,
CCTCGTAAAACTGTCAAC,0,
GGACCTCGTAAAACACAAC,0,
CGGCCGCCG,0,
GGGTGTGGTAGCG,0,
GCACTAGTTCGAACTAGTGC,0,
TTTACTCGTGAATTAGT,0,
TTTTTTGT,0,
TTAGAACACGTTCTAG,0,
TTGGCGCC,0,
TATCGTCGTTAACAAATGTT,0,
ACGCAATTGCGT,0,
AGTAGCACCGTGCTACT,0,
CGTT,0,
AAATGCCGCGCGG,0,
CCCGCGCGGCATTTAAATGCCT,0,
CTATTCGATCCG,0,
TTTTCAT,0,
AAAAAAATCGGG,0,
CTCCGTCAATATGCGTATATAC,0,
CCTACCGATCGGTAGG,0,
AAAGTTTGAAAAGTGCAGTTTT,0,
TGCAGTTTTCATAACT,0,
AGCACATTTTTTTTAGCAC,0,
ATTGTACCTTAAATCGAATATC,0,
AAATGTACCTTAAATCGAATAT,0,
GCTTGACAAAAGTGTTAAATTG,0,
GTCCTACCTGGCAGGACGACT,0,
GTGAGTAC,0,
CGTTCTATGTGTACTCAC,0,
CAGGATCCT,0,
GAGGATCCT,0,
CGGATATCC,0,
GCGATCGG,0,
GTTGTCC,0,
AGUCUCCUUUC,0,
CCTGCTCCTC,0,
GACTTTGTCCTCCGGTTCTGG,0,
TAACTCAATCGCGCGCGATTG,0,
CTGCCGTTTGGACTTTGTCCTC,0,
GGTATGGTGTGGTTGG,0,
CTAATTACGCCTAATTAGGT,0,
CGATCGACGACCGCCGTTCAGC,0,
GGTCGTCC,0,
GCCCGTGC,0,
AGCACAGGAT,0,
TTATATTATATAATTTATTATT,0,
TTATATAATATAAAATAAT,0,
GGACCTCGTAAAACAC,0,
GCTCCGGAATTTCC,0,
AGTGGGAATTTCCACT,0,
CCGGGGAATTCCGCCG,0,
ATCAGGAAATTCCCAG,0,
ATCGTGGAATTTCCTC,0,
ACTCCTTTTT,0,
CGCGAATTGCG,0,
GCGAAATTGGCACGAAAATTGC,0,
AATATTGTTTTG,0,
TCTCCTATGACTCGTCCAT,0,
TCTTCATCGCTCAGTGCT,0,
GATGAATGAATACTCATTCAT,0,
TGGGTGTGTGTTTTT,0,
GCAGGGCAAGGCCCAGUCCCGUGCAAGCCGGGACCGCCCCGGGGCGCGGCGCUCAUUCCUGC,0,
TTATAGACTGCCGGCAGTCTG,0,
GTATGGCGCCATAC,0,
TGTATGTCTAGACTG,0,
CTGTTTCTGCCAAGCGCACCT,0,
CGCGAATTCGCG,0,
CGGTTTCTGCCAAGCGCACCT,0,
CCCGGGTACCCGGG,0,
CCGGAGCCGG,0,
CGATTTTTTGGC,0,
GCATCGATTGGC,0,
GGGTTTGGGTTTTGGGAGGG,0,
GGTAGGCATTAACATTTGTT,0,
CATCGTCGTTAACAAATGTT,0,
CATCCGTGAGTCGAGG,0,
CATCCGTGAGTCCAGG,0,
ACTTTATGAAAATAAAGTATAG,0,
GGTTTGGTTTTGGTTGG,0,
TGAATTTATGCAAATTTCAT,0,
GGATTGCGTGAGAACTG,0,
CGTGTAATGACGCCGGCGTC,0,
GGGATGGGACACAGGGGACGG,0,
TTGGGTTAGGGTTAGGGTTAG,0,
GAGAGGAATGC,0,
CACATTCCGCATCGATCT,0,
AATGAGGTAGTAGGTTGTACC,0,
GGTGCAGGCCAAAGAATTCCTG,0,
CCATTGTGGATGAATACTGCC,0,
CCGCAGACGTAGAAATTTTCCG,0,
CCGGTGAGGAAGAAAGTGAGG,0,
CCAAAATCGGTGAATAGGCAG,0,
CGCAAATTGCG,0,
GTGGATTATTAAGCAAAGCTTC,0,
GAACTCAACAGACCGTGCCGCC,0,
GCTGATGCGGC,0,
GCTGATGCGG,0,
CTACGGCCGTAG,0,
CTACGTACGTAG,0,
CTACGCGCGTAG,0,
CTAGGGCCCTAG,0,
CUACGCGCGTAG,0,
GTGATGACGTAGAGC,0,
GCTCTACATCATCAC,0,
GGGGTTTGGGGTTTTGGGGAAG,0,
TTTTTTTTCTTTTTT,0,
GCACGTCAG,0,
TGGGTCACGTGTTCC,0,
ACTACGTAATATTGGCCAGCT,0,
TTGTGTTTTACGACCTC,0,
CCGGGGTACCCCGG,0,
TATAATGGGAGCTGGCTCTGAT,0,
TCTCGTCACTAGCG,0,
GTACTAGCG,0,
CGACTAGCG,0,
CTAGTACTAGCG,0,
ACGACTAGCG,0,
CAGTGCCCACAGAGGCCAGCAG,0,
GCCAGCAGGGGGCGCTAGTGAG,0,
GCCAGCAGGGGGCGCT,0,
GCTCCGTGTGGACGATCGG,0,
GTGGACGATCGG,0,
GCCAGCAGGGGGCGCT,0,
GTTGCCGCGTG,0,
TTGCCAGCAGGGG,0,
GTGCCAGCAGGGG,0,
CGCCCCCTGCTGG,0,
GTAATTGC,0,
CGCGAATTCGCG,0,
CGCGAATTCGCG,0,
GCGAGGGAGCAGGG,0,
GCGAGGGAGCGAGGG,0,
TTGTGTTTTACGACCTCC,0,
ATAGTTCATAGAATTACCTTTT,0,
TTGAAGGGCTTAAAATAGGTGTGAC,0,
GGTTTGGTTTTGGTTTGG,0,
TTCCGCCGCCG,0,
GGCCTTATTAAATGACTTCTCT,0,
TGCTATAATGGGATGATCGCG,0,
TCGGCCCG,0,
CT,0,
AAAGGCGCCGTGGTC,0,
CGCGAATTCGCG,0,
ATATCTTGAGGCAGAGT,0,
GGTCACGCAACC,0,
TCCGTTTCGT,0,
TTAATTGAGGCAGAGT,0,
CGTAU,0,
GGACTCGACTCC,0,
GTACCTACGGCT,0,
AGCCGTAGGTACCTACGGCT,0,
CCGACAGGCGCATCAG,0,
CTGATGCGCCT,0,
TGCTTTGCC,0,
CGGGCTTTGGGG,0,
GGATAGCCTATGCTACCC,0,
GGCCATGTTGGCATATAGGGTG,0,
GCATATATATATGC,0,
GCGCGC,0,
GCCCCAGTAGC,0,
GAGCAGACCTGACGGAACTC,0,
CATACTTGCCTGGGCAATATT,0,
CGTCTTCGGCAATT,0,
GCCAAGCGCACCTAATTTCCTG,0,
GCCAAGCGCACCTAATTTCCT,0,
GAGCAGACCTGACGGAAC,0,
CCGATAUCGG,0,
CATCCTGACTCACCCT,0,
CTTGATGAGTCAGCCG,0,
T,0,
ACAACCTACTACCTCG,0,
GAGCAGCTGTG,0,
UUUUUUUAUCGAGAGGU,0,
CTGGCCTTGAAC,0,
CUUAGAAAGCAAACCUAUAACCGUUCACCGCCGCACAGGCGGC,0,
,0,
CCACCTGG,0,
TGACCCCAGTGAGCGTTGCCC,0,
TATGAGATCTAGCTCGCACAGT,0,
GAUGUCAUACUUAUCCUGUCCC,0,
CCACCU,0,
TTCTCCACACTTACTCCACACT,0,
CGCGAATTCGCG,0,
CGCGAATTCGCG,0,
CGTCGGTGACTCACCGACG,0,
GGGCGGCCGCCCT,0,
GACACCUGAUUC,0,
CGCGAATTCGCG,0,
AGATCATGTACAGATCAGTCAT,0,
CGCGATCGCG,0,
GATATCCCCTGGAGAATCCCGG,0,
TAGCGGAAATTCCCGGGAATTT,0,
TTCGTAGCTGAGGCCTCAGCT,0,
TATACAACCTACTACCTCG,0,
UAUACAACCUACUAACCUCG,0,
CGGAGAGGGAGAG,0,
GGTTGGTGTGGTTGG,0,
CTGCGCAGGATGTATATATCTG,0,
ATGGCTGATCCGC,0,
CTATGTCGATCCG,0,
GCTGACCTTTGACCTAG,0,
GGGATGGGACACAGGGGACGG,0,
GATGTGTAGCTACACATC,0,
GAACATGGTGTAATTATTTCG,0,
GGTGGTGTGGTTGG,0,
GGGGTGTGGTAG,0,
TAGATACGC,0,
ATTAAATGACTTCTCCCCGG,0,
ACCTCAACTACTTGUCCCUCCT,0,
GGCCTATCTTTTGGCGGTATGC,0,
GGCCTGTCTTTGGGGTTTGGTT,0,
TGAAGACGCCACC,0,
TGCAGGCTAGCCTGC,0,
TGCAGGCGCGCCTGC,0,
ATGCGGGCGCGCCCGCAT,0,
ACGGGCCGCGGCCCGT,0,
ACCCGCAAGGCCGACGGC,0,
CGGAACATGTAAATAGTTACAT,0,
GCTGGCGGCT,0,
CCGAATGAATGAATGAATGGT,0,
GGGTTGCGGAGGGTGGGCCT,0,
ATTAGAACACGTTCTAGT,0,
ATCCATATCCACCTGGTCCTAC,0,
GTCTCCAGGCAAC,0,
UUUGUUGCCUGGAG,0,
ATTGCAGTACCACATTTAACC,0,
TCGCCCTCTAGCGGAAACCG,0,
TCGCCCTCTGCTGGTTAAAGT,0,
ACTTTAACCAGCAGAGGGCGAG,0,
CTGCGAGGTCAAGGTCACGTGG,0,
UAGCUCC,0,
AAAGCGCGCCGTGGTC,0,
TGTTCGTTTTTCGTTCCGT,0,
CCTAACCCTAACCCTAAC,0,
TGTTAACTAGTTAAC,0,
GCACGCGC,0,
GCCCGAGC,0,
GGAGCCCC,0,
CGCGAACTGCG,0,
CGCGAACTGCG,0,
CGCGAACTGCG,0,
CGATGTACATCG,0,
GACCTGCTGCGGATTG,0,
GAATTTCACACCTAGGTGTG,0,
GGGTTTTT,0,
CACTATTAGAACACGTTCTAGT,0,
GACCACGGCCAC,0,
GACCACGGCCACAGTT,0,
TTTGGTT,0,
GTTTTTCTTTTGTTATTGTGGC,0,
GTATGCCACTAGTTATTGTGGC,0,
GTATGCCTATAGTTATTGTGGC,0,
TTAACCCTCCCATTTCGC,0,
TTAACCCTCCCACGC,0,
TAACACTCCCACGC,0,
TACCCTCCCACGC,0,
TACACTCCCACGC,0,
AATGCGCATT,0,
TGCGCAGT,0,
AAAACCGGTTTT,0,
CATCGTTACGGTTTGCGTAAT,0,
TAGGGTT,0,
TAGGGTTAGGGTTAGGGTTAGG,0,
ACGAGAGAGATGGGTGCGTTAC,0,
ACGAGAGAGATGGGTGCGTTAC,0,
AGAGCGCATG,0,
GCATGGTTCTAATTAGAACGC,0,
CCAAGATAG,0,
TAATCGCCCCCCTTCGGTGCTT,0,
GCTACCGGTCTC,0,
GCCTACACTCCG,0,
GCCCACACTCCG,0,
CGGAGTGTAGGC,0,
GCCTACATTCCG,0,
CTACCGATAAGCAGAGGCTCT,0,
CTACCGATAAGCAGAGGCACT,0,
TCGACGGATCC,0,
GCTGATGCG,0,
CAGGGTTAAGGGTATAACTTT,0,
TGTGGGCGTGGCACAGGT,0,
TATCTAAGATTTTTCCTAAATC,0,
TCTAAGATTTTTCCT,0,
AATAAG,0,
AGGCGCTCCAGGC,0,
GTGGGCGTGGCACAGGT,0,
TTCACACATTC,0,
GAATGTGTGTCTCAATCCCAAC,0,
GTTAGGGTT,0,
GGGTTAGGGT,0,
TAGGGTTTT,0,
TTGTGGTGT,0,
AGGGTTTTTT,0,
CTCTCCCTT,0,
CTCTCCCT,0,
U,0,
GAGCACTGC,0,
TTGTGTTTTACGACCTCC,0,
TTGTGTTTTATTGCCTCC,0,
GCGAATCAGG,0,
AATGTAAATCTT,0,
CGCGAATCAGG,0,
CCGAATCAG,0,
GGGGACGATC,0,
TGGGGATTT,0,
ATTACC,0,
AATGTCCGAATTACCCGAATTG,0,
ATTCGGGTAATTCGGGTAATTC,0,
TATCGTCCCGCCTC,0,
TGACCGGAAGTGG,0,
GACCGGAAGTGG,0,
GAGAGTATGGCCATACTCTT,0,
CTAAAATCCCATATAATTTT,0,
CTAAAATCCCATATAATTTTG,0,
CTAAAATCCCATATAATTTTGC,0,
ATTTTCAAAATTATATGGGATT,0,
AAGATTAGATTAGT,0,
CGTTATTCGCGGGAAGC,0,
CGTTATTCGCGGGAAGC,0,
TGCTTCTCGCGAGAAGC,0,
CGCGAAATTTCGCG,0,
TAGGGACGGGCGGGCAGGGT,0,
GGGGGAGGGGTACAGGGGTAC,0,
AGAAGACCCAAAGAAGAGGAAG,0,
GGGTACCCGGGTGAGGTGCGGG,0,
CGGTGCATGGCT,0,
CCGCAC,0,
AGGCGTTTTT,0,
GCGCAC,0,
TCGCAC,0,
UAUACAACCUACAUACCUCG,0,
UAUACAACCGUUCUACCUCG,0,
TAAAGTTCCCTGTAAAGTTCCT,0,
GGUTACGGT,0,
GGTTACGGU,0,
GGTTACGGT,0,
GGGATGGGACACAGGGGACGGG,0,
GCCTGTCTT,0,
GCCTGTCTTACACAGTGATAC,0,
TCGCC,0,
TATCTGGCCTGTCTTATAAGAC,0,
AATCTGGCCTGTCTT,0,
TTTTTTTTTTTTTTTTTTCCCT,0,
AATTCTGCATGGATT,0,
ATTCTGCATGGAT,0,
GCCAACGCTGGC,0,
GCCAGCGCTGGC,0,
TTTTTTGCCGTTTTTTGCCG,0,
CGGGCCGCCC,0,
ACTGGAATGCAATAAAAT,0,
TTATAG,0,
AAAGTGGCCCTCTTTAGGGCC,0,
GGCCCTCTTTAGGGCCTTC,0,
ACGTCGU,0,
GTTGGCCCTCTTTAGGGCCATC,0,
ACGACGT,0,
TTCCGCTTGAC,0,
TTCCGCTTGACTT,0,
TATAGTTATAGAGTATAACAAT,0,
TGAACATGTCTAAGCATGCTG,0,
ATCTCAATCTC,0,
GCGGTAGTC,0,
TGAGGGTGGGTAGGGTGGGT,0,
AGGGTGGGTAGGGTGGGTTTTT,0,
GGGTAGGGCAGGGGACACAGGG,0,
TTGACATGCCCAGGCATGTCT,0,
TGGGCCGCCCGGGCCGCCC,0,
TGGGCGUTGCCCGGGCGUTGCCC,0,
CTTGGCTGACGTCAGCCAAG,0,
TTCAAGACC,0,
CTACCGATAAGCAGTACGACC,0,
TAGGCATGCCTAGGCATGCCT,0,
GAAAGTTGGACAT,0,
GGT,0,
CCCACCAAAAAAACGGTCTGCG,0,
CCCACCTGCAAAACGGTCTGCG,0,
GTTACCGGCAGTCTGCTTGT,0,
AACCCACCAAAAAACGGTCTGC,0,
TCAAAACGTCGTACGCAGTTTT,0,
TCAAAACGTCGTAC,0,
TCAGACTTGTCCAC,0,
TCAGACTTGTCCACAGGAGTC,0,
TCAGACTTCTCCAC,0,
TCAGACTTCTCCACAGGAGTC,0,
AAATTGCCGAAGACG,0,
AATCCC,0,
GTCCGACGACGCATCAGC,0,
GAGCGCCGTGGTC,0,
AGGCGCCGTGGTC,0,
ATTGACAGCTGTCAAT,0,
CGGAAATGTCAGGTTAAACAT,0,
CTGTCGTCACCTGAGCAGTAAC,0,
CTGTCGTCACCTGGGCAGTAAC,0,
TCGTCACCTGTGCAGAAAC,0,
CTGTCGTCACCTGTGCAGTAAC,0,
CTGTCGTCACCTGTGCAGTTT,0,
CTGTCGTCACCTGTGCAGAAT,0,
CACGGCAACCGCTG,0,
UGCAGCUCGGCU,0,
AGCUCGGCU,0,
AGCTCGGCT,0,
CGATGT,0,
GGATCCGTCGATCGCATCAGC,0,
GGATCCGTCGAACGCATCAGC,0,
GGATCCGTCGACCGCATCAGC,0,
GGATCCGTCGAGCGCATCAGC,0,
ATGAACGGCGCCCGAACAGGG,0,
TACTGGTATGTAT,0,
TATGGTGTATGT,0,
TTTTCAAGGAAACGAAACG,0,
GGATGCAC,0,
AACAGC,0,
CACTGCTGAGTACT,0,
ACGGTTTATCGCGCGCG,0,
ACGGTTTAAGGCGCGCG,0,
GTCATTTATCATGC,0,
GTCATTAATCATGC,0,
GTCGTAAATCATGC,0,
GTCATAAATCATGC,0,
TTCACACGTGTG,0,
GTCGGCGTGCTC,0,
TTCTAATCTAATC,0,
AGCACTGC,0,
AGCACTGTC,0,
TCTAGGGTCCTAGGACCCT,0,
ATCTCACACT,0,
CTCACACT,0,
AGTGTGTG,0,
GCTACCGGTCTC,0,
GCTACCGGTCTC,0,
GAGACCGGTAGC,0,
CTTGTTGTTGTTCTCTGGTTC,0,
CTTGTTGTTGTTCTCTGGGTC,0,
GTCGGACTG,0,
CTTATACGCGTTTATAAG,0,
GUGUGUATAAG,0,
AAAATAAG,0,
AACAACAACAACAAC,0,
GGATCCTTCTTCTTCTTC,0,
CGGGGACCCGGAAGGG,0,
GGGTAGGGAGCGGGAGAGGG,0,
TACCCACCACCGCTC,0,
GGGATGGGACACAGGGGACGGG,0,
AAACGTGGCCGTGGTC,0,
AAACGTCCGGTGGGTC,0,
AAACGCCGGTGTGGTC,0,
AAACGCGGTGCTGGTC,0,
AAACGGTGCCGTGGTC,0,
AAACGGGTGCGTGGTC,0,
TTTAATTTT,0,
CCGGCCGG,0,
CCCGGCCGGG,0,
GGGTTAGGGTTAGGGTTTGGG,0,
ACTTGAACGGTGTTCAGGT,0,
GCCTATAGGC,0,
CGGTCGCCTATAGGC,0,
CGCTCCCGGAGCGT,0,
GCCTAGCTACGTAGCTAGGC,0,
GGGAGGCGTGGCCTGGGCGGG,0,
CGCCTAGGTTGGGTAGGGTGGT,0,
CGCGCCCAGCTTTCCCAGCT,0,
CTAATAACTAGTTATTAG,0,
GATTTGAATGTCCGAAGGAT,0,
GGTAAAAGGTCGAATAAGTGG,0,
GACCTTTTACC,0,
CAAATGCTCCTAACCGACGTTT,0,
CAAATGCTCCTATACGACGTTT,0,
TAATCTCATC,0,
ATCACCCTATACGCGGCCGCCC,0,
ATGGTAGCGAAGCT,0,
UCTACTTGATTTTTGAGTCGAC,0,
ATGGCTAGCGAAGCTAG,0,
UAAUACCCCCCCUUCGGUGCUUUGCACCGAAGGGGGG,0,
GGTGTGAATAGGTTAGTGG,0,
CAATACCAGCCAAGCGCACCT,0,
GGTGTGAGTAGGTTAGTGG,0,
GGTGTGATCAGGTTAGTGG,0,
GGTGTGATTAGGTTAGTGG,0,
ATCGGCCGCCATCGAGAATCCC,0,
CTAACCCT,0,
GGTTAGGGTTCTTGAACCCTTG,0,
GCACTCATCGGCGCAGAC,0,
TGCCAGGCCCTCTTTAGGGCCT,0,
CGTGAGGCG,0,
CGTCAGGCG,0,
CGTAAGGCG,0,
ATTTTCAAT,0,
AAACGGCGCCGGGTC,0,
ATTTTCAACT,0,
AAACGGCGCCGCGGTC,0,
AAACGGCGCCGGGTC,0,
AAACGGCGCCGTGGTC,0,
AAAGGCGCCGTGGTC,0,
ACGATGTACATCG,0,
CGTTAGGCG,0,
GTGGTGGTGGTG,0,
GATGAACTTTGACCCAG,0,
AAGCTAGTACATTTGC,0,
ACCACGTGTACTTTTT,0,
TATATTGCGCAATAT,0,
GGTTTTGGGGTTTTGGGG,0,
CTGTGCTC,0,
TCTGGGTCCTAGGACCCT,0,
TGTTGATTAGATTACGC,0,
AAACCTTCCCATCAGGGGAAGG,0,
GACCTTCCCCTGATGGGAAGGT,0,
GGCGAGGAGGGGCGTGGCCGGC,0,
AGGGGGGATTTCCCCCCT,0,
AATTAC,0,
CGTAGCTAATTAGCTACG,0,
ATAGAATTACCTTTTAATCT,0,
GGGATCCC,0,
TG,0,
GAGGCCTC,0,
TTGGGTTAGGGTTAGGGTTAGG,0,
TTGGGTTAGGGTTAGGGTTAGG,0,
CTCTTGAACGCGGTT,0,
TCTTGAACGCGGTT,0,
AGCTGAATGCTTAACGTTATTC,0,
TCCTCTGCCTCAAGACGGG,0,
GCCCGTCC,0,
GCTCTCTTTCTGATGG,0,
AGTATCACGTGATACT,0,
TTGGGGAGGGTTTTAAGGGTGG,0,
CAAAATGTAAACAAG,0,
ACACAAATATTTGTGT,0,
AGGGTGTTCCACGTGAAACAGG,0,
T,0,
GCCATCACTTAAATATTAGGTT,0,
CCAGCCGCTGG,0,
CCAGCGCTGG,0,
TCCGGTCAAATATC,0,
CGTGTCAGTAACTGTCACGGAT,0,
CGTGTCAGTAGCTGTCACGGAT,0,
GCATCCGTGAGTCGAGG,0,
AACTGTGGCCGTGGTC,0,
GACCACGGCCAC,0,
TCATGCTAAGACGCT,0,
ACATTGTTTACTTAAG,0,
AGTAAG,0,
GUATAAG,0,
AATAAG,0,
TCCGGGATGCGTGTCGGACTGG,0,
CGGGGCGAAGCGGGTCCCG,0,
TCCGGGATGCGT,0,
TCCGGGATGCGG,0,
CCAGTCCGACCCGCATCCCGG,0,
GTATTACATGGTGTGTAATAC,0,
TTGACTCAACATCCAAAGCTAC,0,
TGGGGTCCGAGGCGGGGCTTGG,0,
ATGTACGGTAATATCCGTACAT,0,
AGAGAGATGGGTGCGTT,0,
GAGCGTACAGCTGTACGCTT,0,
GGAGAGTATAGGTCGAGGGTGT,0,
CAAAACAGAG,0,
CAAAACAGAG,0,
CUGACCUGACTTCGGTCAGGTC,0,
GGAUAACUCAAUUUGUAAAAAAGUUUUAGAGCUAGAAAUAGCAAGUUAAAAUAAGGCUAGUCCGUUAUCAACUUGAAAAAGUGGCACCG,0,
CGCGAATTGCG,0,
TCTTCC,0,
GGGTTAGGGTTAGGGTTAGGG,0,
CGTGACATCCCG,0,
AAATGTACGGTTATTAACCGT,0,
GTCTGG,0,
TCTATATCG,0,
CCATGGTCCT,0,
GCGTACGGCCGTACGCT,0,
GGGTAATG,0,
TATACAACCTACTACCTCT,0,
TTTATGGTATATACTGTACC,0,
GTTTTTAATTTCCGAATAAT,0,
CCAGACGTGTT,0,
TATATATATATATAT,0,
GTCATATATGG,0,
GCGCGCGCGC,0,
GTGGTGGTGGTGTTGTGGTGGT,0,
CGUGAUCGC,0,
CCGGGTCCGG,0,
TTTATAGCTAGCTAT,0,
CAACGTTGTTTTT,0,
AGGGTTAGGGTACAGGGTTAGGG,0,
CGTTATTGGCAGGAAGC,0,
CGTTATTGGCAAGAAGC,0,
AGGGTTAGGGACTAGGGTTAGGG,0,
ACCGCACGTGCCGT,0,
TTACACGTGT,0,
CATACACGTGTAT,0,
TGCATCCGTGAGTCGAGGGT,0,
CAATCCATGCAGAAT,0,
TTGTGGGAGCTGTCACGGATGC,0,
ATTCTGCATGGATTG,0,
AATCCATGCAGAATC,0,
CTTGCTTG,0,
CGTAG,0,
GGCATTGTTTAGATCCCGGATC,0,
TTTT,0,
TTTGGTGGAAATTTTTTGTTAG,0,
TAACAATTGAATGTCTGCACAG,0,
TGTTTG,0,
AAAAAC,0,
ATTCUCAATT,0,
ATTCUUAATT,0,
CGATTAATCG,0,
GGGGCGGGG,0,
AATGTAGTCTGTTAAAAACAC,0,
TATAATCGATCTGTATTTGCCG,0,
AATGTAGTCTGTTTTTTATGC,0,
TATAATGGGAGCTGGATCTGAT,0,
CTTGCTCATTTGCTCAATGAG,0,
GTCGG,0,
GTCGG,0,
GCGTGGGTCAGGGTGGGTGGG,0,
GGACAAAACAGAG,0,
GCGTGGGTCAGGGTGGGTGGG,0,
GGTTGGTGTGGTTGGTGTGGTG,0,
TAATTCGTCCAGGACCTGCG,0,
TTTAGCTTCCAGGACCTGCG,0,
TGCTTCGTCCAGGACCTGCG,0,
TTTAGCTGCCAGGACCTGCG,0,
ACTAGATGTTATTAAAACCT,0,
TGGGCGGGG,0,
GGGGCGGG,0,
TTCCGACAGTGGGGTCGCAAT,0,
GCGACGTGTATTTCCCCTGAC,0,
AGAACATGTCAGACAATTTAC,0,
GCGAAGTGTCATCCCTCTTAC,0,
CCGAAGTGTAAACGCGTTGAC,0,
TCGAGAATCCCGGTGCCGAGGC,0,
CGGTGATTC,0,
CGGTCGATTC,0,
CGGTGATTC,0,
GGTTGGTGTGGTTGGTTGTGGT,0,
GTCTATCGATCTATAGAC,0,
GCCGTAGGGCCCTACGGC,0,
GCTGGAAATTTCCAGC,0,
ACAGTCCCTGTTCGGGCGCCG,0,
TATAATGGGAGATGGCTCTGAT,0,
CATAATTTGACAGTCAAACTAT,0,
TTGGCG,0,
CCAGCGCTGG,0,
CCAGCGCTGG,0,
TTTTCATTCAT,0,
TCAAGTGAGGCATGC,0,
TGGGCGGG,0,
GATTCGTCG,0,
AATCTTTCCCACAGTC,0,
CCTATTGTTGCAATTGCAAC,0,
AGCAC,0,
TAGGGTT,0,
CTAACCCTAATTCAATAGCAT,0,
TGTCCAGTCT,0,
CACCTAGCG,0,
TGGTTGTGGTTTGGTGTTGGTG,0,
TT,0,
ACGGGTAAGCAGTCCGCG,0,
ACTGGTAAGCAGTCCGC,0,
GACGGTAAGCAGTCCGCG,0,
ACTGGTAAGCAGTCCGCG,0,
CGTAC,0,
CGT,0,
CGTAC,0,
CGT,0,
CGGUAACCCAUAUGCAUGCAUU,0,
UAUGCAUGCAUU,0,
CCGCATATGCAGCATTCCACGG,0,
CGGTAACCGATATGCAGCATTT,0,
AATGAAGATT,0,
AATGAGATGCT,0,
TCCTTGACCAAT,0,
GCCACTTGACAAATCG,0,
GAGTGTCTGCAGACACTC,0,
ATCTGCCGATTCTGGTTTCCAG,0,
CAATCGGCAATGACCTTTGGTC,0,
CAATATCATTTTTTACAAATTG,0,
CAATAGCATTTTTTACAAATTG,0,
GGAUAACUCAAUUUGUAAAAAAGUUUUAGAGCUAGAAAUAGCAAGUUAAAAUAAGGCUAGUCCGUUAUCAACUUGAAAAAGUGC,0,
AACACCCTGTAGCCACTATAGG,0,
GACCCTGTAGCCACTATAGGGT,0,
ACACCCTGTAGCCACTATAGGG,0,
CGTCTCATGATACG,0,
CCAGGCTGC,0,
CCAGGCTGC,0,
CCAGGCUGC,0,
GGGTGGGTGGGTGGGT,0,
TTTGC,0,
GAATCGATG,0,
TAATAACCCCCCTTCGGTGCTT,0,
GAACCGGTG,0,
GCTTGGGATTCATTGAATC,0,
ATCTGCAGGGTCTGGTTTCCAG,0,
GAATCGATG,0,
CCTCATTGTTATGCTAGTGAAG,0,
CGCGAGGUCGCG,0,
GCCCCGGGAC,0,
AAGTTAAATAGCAGAGTGACC,0,
GGGATGGGACACAGGGGACGGG,0,
TAAAATCATATGTAAAGTT,0,
TAACTGGGCCTGTAAAGTT,0,
CCAGTGAGACGATAAATTG,0,
TAAAATCATATGTAAAGTT,0,
CGAAAATGCGGTTGGAGAATT,0,
AGCTGTCCATCGCTCACCGTAC,0,
AGCTGTCCATCGCTCACGTAC,0,
CATCAACAGTGCT,0,
CATCAACAGTGCG,0,
CCAGATATAACACTAATTCATT,0,
AGTGACCTTTAAAGGTCACT,0,
TATAGGTCACAGTTTGACCTT,0,
GGGAGCGAGGGAGCGAGGGAGC,0,
GTCGGAC,0,
GGGCCACCGGGCAGTGGGCGGG,0,
GGGTCACCGGGCAGTGGGCGGG,0,
TTTTTTTTTTCGCGCGCGCGTT,0,
TTTTTTTTTTTTTTTTTTTT,0,
CCCTGAGAGGTCGAATAAGTGG,0,
CCTAAAAGGTCGAATAAGTGG,0,
CCTAAAAGGTTGAATAAGTGG,0,
CCCTAATAAGTAGAATGACCAG,0,
CCCTAAAAGGTTGAATAAGTGG,0,
TCCAAGCGCAACAG,0,
CGUTGCGCTUGG,0,
AGTGATATTTACCTCCAAATGC,0,
TTTTTTTTTTCCAGCATCGACT,0,
AAAGGTTTC,0,
TGTGTGTGTGTG,0,
CCGAACAAGCATCAGC,0,
TTGGTGGGTGGGTGGGT,0,
CATATATCCCGGTGCCGAGGCC,0,
TCGCTGGTCAAAGGC,0,
CATATATGCCGGTCTCACACGT,0,
AGCCTTTGACCAGCG,0,
GGTAGCGCGATGGAG,0,
GCCGTATGCCAATCTAGAGC,0,
AAATTTATAGTGATCGATAC,0,
AGGGCGGTGTGGGAAGAGGG,0,
CCTGTATATCTCTTTGACATAT,0,
AGGGCGGTTTGGGAAGAGGG,0,
TCCTCCT,0,
ATTCGAATAT,0,
CGTACGTGATCGC,0,
CGCAAATTGCG,0,
GCTAATCTAATCAACCGCAGGT,0,
ATATCCCCGCACTTAAGTGCG,0,
TGTTGATTAGCCCATTACGC,0,
GCATGCGTTCTAATTAGAACGC,0,
GAATTCGGAAAAATTTTTCCG,0,
TGGCGAGATGC,0,
GGCTCGGCGGCGG,0,
GGCUCGGCGGCGG,0,
CCCATTTGACTCGGACACAGAC,0,
GCCTGTACAGGC,0,
GGCAGGTGGTCTTGCCGGTG,0,
TAATGCCCCCCCTTCGGTGCTT,0,
AGGGAGGGCGGCGGGAC,0,
GCATCCGTGAATCGAGGGT,0,
TACTGGCGAGTTCTACGTACGG,0,
CATCATG,0,
CCTGCATCCGTGAGTCGAG,0,
GT,0,
TGCATCCGTGAGTCGAGGGTG,0,
GCATCCGTGAGTCGAGGGTG,0,
CACGCTGATCGC,0,
ACGCTGATCGC,0,
CGCTGATCGC,0,
GCGCGTGCCAATTGAACCGC,0,
CGCATCGATTCAGAATCGATGC,0,
AATTTCAATTATCCCCTT,0,
CAGCAGTACTTAAAGTACTGCT,0,
TTGGGTGGGTGGGTGGGTT,0,
TCAGCAGTACTAAGTACTGCTG,0,
GGGATGGGACACAGGGGACGGG,0,
GGGATGGGACACAGGGGACGGG,0,
CAGTGAGCGAGCTTCCGCTTG,0,
CGATCACGC,0,
GCATATATTAGC,0,
AGTTAACGCTTAACGTTAAGGG,0,
GCCTTGCTGGGACATCTT,0,
TTGTCGGCGAATCGCCGAC,0,
GCCTTGCTTGGACATCTT,0,
GGATCCAGCACGCCACTCAGC,0,
AGGGCGGUGTGGGAAUAGGG,0,
CATGAGTCTAATTAGACTGC,0,
CATGGATCTAATTAGATCGC,0,
CGTTATTGGCACGAAGC,0,
ATCACCCTAACCCTAACCCT,0,
ATCTTAGGGTTAGGGTTAGGGT,0,
AACAAAATAAACAAT,0,
GTGTTAATGGGTTGTG,0,
TTGTTGGATT,0,
CCCATCACGTGACGAC,0,
CGTTCATTCATACACT,0,
TCAACTCAACTCGTTTCGAGTC,0,
TACCCTGTAGCCACTATAGGGT,0,
TGCTTATCAATTTGTTGC,0,
GTAG,0,
AACCGAGCCAATCAGAGCGAAG,0,
AAATCCACCAATCAACGCCTCC,0,
AAACCCGCCAATCAGATGCATG,0,
TGGGTTGGGTTGGGTTGGGT,0,
ATCGACCCTATACGCGGCCGCC,0,
CGACGAG,0,
TTTAGATCT,0,
CAGCGTCACCGACGAG,0,
AUCGAGAGGAU,0,
AUCGAGAGGAUU,0,
TAACCCT,0,
ATTCTATTCT,0,
ACTGTACGTACAGT,0,
GGATCCGTCGGACGCATCAGC,0,
CUGACCUGACCTGACC,0,
CTTGCATG,0,
CTTGCGTG,0,
CCAGGCCTGG,0,
GCAAGGTC,0,
CACCTAGCG,0,
TCCCT,0,
GATGATCC,0,
GGCGAACGTG,0,
GGGCCGCC,0,
CCTTCCGTAAGT,0,
ACTTACGGAAGG,0,
GGTGGGTCTTGACCCACC,0,
GGTGGGGCTTGCCCCACC,0,
GGTGGGGCUTGCCCCACC,0,
GGGTTGGGTTGGGTTGGG,0,
GGGGGAAGGATTCC,0,
TCACGGAATCCTTCCCCC,0,
TATCTGCAACGTTGCAG,0,
CGCGGACTTC,0,
CGCGGACTCTG,0,
GATCATACAACGT,0,
GATGTTTCACGTGAAACATC,0,
TTCTGCTGCTG,0,
UTCTGCTGCTG,0,
CTCTAGGTTATATCTCGTGG,0,
ACGGATTTGATTAGGTATGTGG,0,
GCAAGATACGTACTAGTACGT,0,
CCACTATTTTAAGAAAGTGCTT,0,
CACTATTTTAAGAAAGTGCTT,0,
GCGGAGGGGAGG,0,
AACACCT,0,
GCGGAGGGGAGGCG,0,
CCTGCCTG,0,
CTTGCTTG,0,
GCGTTTTTTTTTTCGG,0,
GGATATTTCCCGGGAAATATCC,0,
TGGTCGTATGCCT,0,
ACAGTTGTGGTCGTATGCCT,0,
TCCGCGTCAGACTCGTAGGATT,0,
CACTGACTCATGCTCATCTG,0,
TTTTT,0,
GGGATGGGACACAGCGGGACGGG,0,
GGGATGGGACACAGCGGGACGGG,0,
TGCCCCTTTATAGC,0,
TGTTC,0,
TTATTGTACAGATATTTGTAC,0,
CGCCT,0,
TTATCGAGCTGTGGTTGAGAGT,0,
TTGTCGGCCAAAGGCCGAC,0,
GAAGGTCAAGGCCAAG,0,
AGGGTTCACCGAAAGTTCACT,0,
GCTCCTTTATCCTGATTAATCT,0,
GGGUGCUAAGAUUAAUCAGGAUGUUUUUGUACUCGAAAGAAGCUACAAAGAUAAGGCUUCAUGCCGAAAUC,0,
GGUGCUAAGAUUAAUCAGGAUGUUUUUGUACUCGAAAGAAGCUACAAAGAUAAGGCUUCAUGCCGAAAUC,0,
CACTGACTCATGCTCATCTGAC,0,
GCTTGACCAATGC,0,
GAACTCTGCAG,0,
TGTCCAGTCTACC,0,
TAATCCTAATCC,0,
ACCTGG,0,
CCTGG,0,
CAATGACTCATGCTCATCGG,0,
TACTGACTCATGCTCATCTG,0,
TTGGATCTGAGAATCAGATGTG,0,
GGGGTGTGGTAG,0,
GGGGTGTGGTAGC,0,
GATTCCATAAAGGATTGGATG,0,
CGACGTGATCG,0,
GGGAGGGCGCGCCAGCGGGGTC,0,
GATCAGTTTTACTGATCGGGTG,0,
GCGGGAGGGCGCGCCAGCGGGG,0,
TGAGGGTGGGTAGGGTGGGCT,0,
ACG,0,
GGTGCACCTAGGTGCACC,0,
CGCTGACGAAAAAAAAAACGC,0,
CGCTGGAAAAAAAAAACGCATC,0,
CCACTAGTGG,0,
TTTTTGGGCAGTGTAAATATTT,0,
GCAGTGTAAATATTTTTGTGT,0,
GGCAGTGTAAATATTTTTGTGT,0,
TTGACTCGACATCCCCCCCTAC,0,
TTTTTGTTGGGGAAATGGG,0,
GGATGTTTCACGTGAAACATCC,0,
TTTTTTGTTGTGAAAGTGGG,0,
GCCGCTTTCTT,0,
GCCGCTTTCTTT,0,
GCCGCTTTCTTTT,0,
ACAGTCCCTGTTCGGGCGCCG,0,
GGTCTCTATTGTCCTG,0,
CGCCAGATATATACCAGGATCT,0,
CGCTCGCAACGCACG,0,
CGCCAGGTATATACCAGGATCT,0,
ATTGTGGCCACAAT,0,
CGCGACCTCGCG,0,
ACCCTTAACGTTAAGCGT,0,
GCUGCUG,0,
GCUGCUGC,0,
TATAAACCAGACCGTC,0,
GAAGCCACATCCTCTG,0,
ATGTATACAT,0,
CGCGAGAAAGAAGAGG,0,
GCGAGAAAGAAGAGGAG,0,
GCTCTT,0,
CATTATTATGGGATGTG,0,
CATCTCACACT,0,
CACCAGCG,0,
CACCGAGCG,0,
CACCCAGCG,0,
CACCAAGCG,0,
CACGCCGCTG,0,
CGTACCCGATGTGTT,0,
AATATTAC,0,
TAATATTACC,0,
TAGTATTACC,0,
TATCACATC,0,
TCAGCGCATGG,0,
CACAG,0,
CACAG,0,
AAATTTTACTTTTGGTTACAT,0,
CCCGCGCGGGATGT,0,
CCCGCGCGGGATGT,0,
GGCTGCCCTCC,0,
AACGGCTAATGCG,0,
GTTGGGGTTGGGGTTGGGGTTG,0,
TCATAGAATCCTTCCCCC,0,
TCATTAACCCTTAACGTTAAGC,0,
GCGTAATAC,0,
AGCTAGGAAACATCGCAATAGG,0,
CGTAATACG,0,
AACGGCAAATGCG,0,
TTTTTTTTTTTTTTTTTG,0,
TCACGCTGCGTG,0,
TTGGGCCG,0,
GTGGGCCGAC,0,
GTTAGG,0,
GGGTGGGAAGGGTGGG,0,
AGCAATCCCCCCGGATTGCT,0,
AGCAATCCCCCCGGATTGCT,0,
GGCTGGTGTGGTTGG,0,
GGCTGGTGTGGTTGG,0,
ATCGTGGCCACGAT,0,
GGGGGAAAGATTCG,0,
ATTCTGC,0,
ATTGTACGTACAAT,0,
GCTGATGCGCG,0,
CCTGCCTG,0,
CTTGCTTG,0,
CCTGCCTG,0,
CGACGGGACGC,0,
CAGTATCCTCGAGGATACTG,0,
GTGAGCAGTG,0,
TTAGCATT,0,
GTGTGTGGGTGTGT,0,
GGGGGAAGGATTCT,0,
ATGGTGCGCAGGT,0,
GGTGTGTGTGTGTGTGTGGTGG,0,
GGTGTGTGTGTGGTGTGGTGGT,0,
GGTGTGTGGTGGTGTGGTGGTG,0,
ACCGTAAACATGTTTACGGT,0,
GGTGTAAACATGTTTACACC,0,
CCGATCAGATTCGTCTCAATAG,0,
CGCCTAAGATTTTTCCTAATTC,0,
GCTTTTTTTTTTCACAATCCCG,0,
CGCTGAAAAAAAACGCATCCCG,0,
ATCGCGGAAAAAAAACGCATCC,0,
ATGTCC,0,
GUGGGCCGAC,0,
CGTACTTAGGTTAGGCTAACCT,0,
CGTACTTTGGTAAAGCTAACCT,0,
CGTTTTTTTTTTGCATGTGCCG,0,
CGGGCGCGGGAGGAAGGGGGCG,0,
TGCCATGCCGTCCAATACC,0,
CGGGCGCGGGAGGAAGGGGGCG,0,
GCAGACCGACGACTGTAGCG,0,
GCAGACCGACGACTGTAGCG,0,
GCAGACCGACGACUTGTAGCG,0,
TCTTATT,0,
ACATACACGATTGCACGGAT,0,
TACATACGTGGTTGTATGT,0,
CAACTGAAACCGAGAAAGC,0,
CTAGGGCCTAG,0,
TTTTTTTTGTGCCCCTGGCGGT,0,
TTTTTTTGTGCCCCTGGCGGTC,0,
ATAATGACATTACTGTATAT,0,
TTATTGATAATTTTATCAAT,0,
AATCTTTCCCACGGT,0,
GTAGCGCGCGATGTCGAGTC,0,
CTACACGG,0,
CTAUACGG,0,
AGGCCATACGATCCTTCCCCT,0,
CGTAUG,0,
TTTATTT,0,
GGTTTGGTTTGGTT,0,
UUUUUUUUU,0,
UUUUUUUU,0,
CGGTTAATCGTCATTAACGT,0,
TACATTCCCAGCCTTTGTAGTG,0,
GGTCTGAGGGAGAGGGGCTGGG,0,
GCGAACTCGCGAAC,0,
TATGTCTAAGTTCATCT,0,
GGCACACGTGTGCC,0,
TTTACTTTCGGTTTCTTTTAT,0,
TGAGGGTGGGTGGGACGCGCAG,0,
TTCAAAAAGTCCC,0,
GGGGGAGCTTGCTATATTCCAT,0,
GACGACCCGGAGCAC,0,
CTGGAAGTGGGAATT,0,
CCCTAACCCT,0,
CUGGGCGG,0,
CUGGGCGG,0,
TGGGAGGGAGCGGGAGTGGG,0,
GGTATTACCCTGTTATCCCTAG,0,
AGCGTC,0,
AGCGTC,0,
AGCGTC,0,
TAGCGTC,0,
AGCGTC,0,
TCAGAACGCTCCGTTCTG,0,
TCAGAACGCTCCGTTCTG,0,
CGCGAATUCGCG,0,
GGGGCCGGGGCC,0,
CGUCCAAUGACAGCCGC,0,
GTCTAC,0,
GTAC,0,
AGCT,0,
GGGTGGGTTGGGAGGG,0,
CGACAATGTGTGATGTACGTAG,0,
GAAAAAGATTGTGGTTATGATT,0,
GGATTACAACAGAT,0,
ATATAATTGTGTGTGTGCAG,0,
ATGTC,0,
TGAGGGTGGGTAGGGTGGGG,0,
TAGTCCCGTCTC,0,
CCTCTCCTGGACAAG,0,
GTGTCGCACTCTG,0,
CAGAAAATCGGTTGTGGT,0,
GGGTGTGGTAGG,0,
GGGTGTGGTAGGC,0,
GGGTGTGGTAGCG,0,
GGTGTGGTAGCG,0,
CGTAG,0,
GCCAGGGACCUAAGACAC,0,
GCAGGGGCCTC,0,
TCTCCTAGG,0,
GTCTCCTAG,0,
ATTGCTGAAGGG,0,
GAACGACACAGACGGCGAGTC,0,
GAACGACACTGACGGGGAGTC,0,
GAGCAGACGTGACGACACTC,0,
GAGCAGACTTGACGAGACTC,0,
GAGCAGACCAGACGGCACTC,0,
GAGCAGACCCGACGGGACTC,0,
GAGCAGACCAGACGGTACTC,0,
GAGCAGACCAGACGGGACTC,0,
GAGCAGACCTGACGAGACTC,0,
GAGCAGACCAGACGACACTC,0,
GAGCAGACGTGACGCCACTC,0,
GAGCAGACGTGACGAGACTC,0,
GAGCAGACCTGACGGCACTC,0,
GAGCAGACCAGACGTCACTC,0,
GAGCAGACTTGACGACACTC,0,
GAGCAGACATGACGTCACTC,0,
GAGCAGACCTGACGGGACTC,0,
GAACGACAGTGACGACGAGTC,0,
GAACGACAAAGACGTCGAGTC,0,
GAACGACATTGACGAGGAGTC,0,
GAACGACATTGACGACGACTC,0,
GAACGACACTGACGTGGACTC,0,
GAACGACACAGACGTCGACTC,0,
GAACGACACTGACGACGACTC,0,
GAACGACACTGACGGCGACTC,0,
GAACGACAGAGACGCCGACTC,0,
GAACGACAGTGACGCCGACTC,0,
GAACGACAGAGACGTCGACTC,0,
GAACGACACTGACGTCGACTC,0,
GAACGACACAGACGGTGACTC,0,
GAACGACACAGACGACGACTC,0,
CCGTCG,0,
GAACGACAGTGACGTCGACTC,0,
GAACGACACTGACGAGGACTC,0,
GAACGACACTG,0,
GAACGACACTGACGGAGACTC,0,
GAACGACACCG,0,
GAACGACAGTG,0,
GAACGACACAG,0,
GAACGACAGAG,0,
GAACGACATTG,0,
GAACGACAAAG,0,
GAGCAGACGTG,0,
GAGCAGACTTG,0,
GAGCAGACCAG,0,
GAGCAGACCCG,0,
GAGCAGACCTG,0,
GAGCGGACTGCTTAC,0,
CCTGCATCCGTGAGCCAAG,0,
CCTGCATCCGTGAGCCTAG,0,
CCTGCATCCGTGAGTAAAG,0,
ACCGCGAATATTCTAGAACGC,0,
ACTCGCGAATATTCTAGAACGC,0,
ATCCGCGAATATTCTAGAACGC,0,
GCCGAATATTCGGC,0,
GGGAATATTCCC,0,
GAGCAGACATG,0,
GAGCAGACAAG,0,
GAGCAGACTTG,0,
GAGCAGACGAG,0,
GAGCAGACGTG,0,
GAGCAGACATG,0,
GAGCAGACTAG,0,
GAGCAGACCAG,0,
GAGCAGACCTG,0,
GAGCAGACGTGGAGCAGACGTG,0,
GAGCAGACCCG,0,
GAGCAGACAAGACTTCACTC,0,
GAGCAGACAAGACTGCACTC,0,
GAGCAGACCAGACTCCACTC,0,
GAGCAGACGAGACCGCACTC,0,
GAGCAGACCTGACACCACTC,0,
GAGCAGACCTGACGCCACTC,0,
GAGCAGACGTGACAGCACTC,0,
AAGCAGACCTGACTGCACTC,0,
GAGCAGACGAGACTCCACTC,0,
GAGCAGACGTGACCCCACTC,0,
GAGCAGACGTGACCGCACTC,0,
GAGCAGACCTGACTCCACTC,0,
GAGCAGACGAGACCCCACTC,0,
GAGCAGACGTGACTGCACTC,0,
GAGCAGACCAGACACCACTC,0,
GAGCAGACTTGACACCACTC,0,
GAGCAGACATGACTCCACTC,0,
GAGCAGACCAGACGCCACTC,0,
GAGCAGACAAGACTCCACTC,0,
GAGCAGACCCGACGGCACTC,0,
GAGCAGACTAGACACCACTC,0,
GAGCAGACGTGACACCACTC,0,
GAGCAGACTTGACAGCACTC,0,
GAGCAGACATGACGACACTC,0,
GAGCAGACGTGACTCCACTC,0,
GTCCCGGCAT,0,
GAAGGGGGTGACCCCTTG,0,
GCTGATGCGCACGACGGATCC,0,
UTGGGCGGGCGCTAGGGAGGGT,0,
ATTCCTAATCCGAATTT,0,
ATTCCTCCTCCTCCTTT,0,
ATTCCTAATCTGAATTT,0,
ATTCCTCCTCATCCTTT,0,
ATTATTAATCTTAATTT,0,
AATGG,0,
CACAGCTGATCGC,0,
CTTGAATAAATCATTAATTTGC,0,
CGCTGCGAAAAAAAAAACGCAT,0,
CGTGATCGGAGACGATCACG,0,
UUGCCUGGAG,0,
AGGCCCCTTCCCCAC,0,
GGGGCCCCTTCCCC,0,
GGTTACAGGGGTTACGGT,0,
CGTTTTCGCGAAGCATT,0,
GGTACAC,0,
GGTGGTGGTGTGTTGGTGGTGG,0,
TGTTGGGAAGGGGCCCT,0,
GGCACACCCCCT,0,
CGTAG,0,
CCCCCCGACUUAAGUCG,0,
TATATCACCGCCAGTGGTAT,0,
AGAGTCTCTCAGCUGGUACAGUUUUAGAGCUAGAAAUAGCAAGUUAAAAUAAGGCUAGU,0,
GGAGAGUCUCUCAGCUGGUACAGUUUUAGAGCUAGAAAUAGCAAGUUAAAAUAAGGCUAGUCCGUUAUCAACUUGAAAAAGUG,0,
GGGGCCACTAGGGACAGGAUGUUUUAGAGCUAGAAAUAGCAAGUUAAAAUAAGGCUAGU,0,
GGGGGGCCACUAGGGACAGGAUGUUUUAGAGCUAGAAAUAGCAAGUUAAAAUAAGGCUAGUCCGUUAUCAACUUGAAAAAGUG,0,
CCAAACAGGTGGTTT,0,
GGTTGGTCTGGTTGG,0,
TCAACACAGAGG,0,
TTTAATAGTTATCGTGAGAACT,0,
GGGTTAGGGTTAGGG,0,
GACGACGACGACGACG,0,
ATTTTCAATT,0,
CTCGGATATCCTCAAG,0,
TATAGGCACAATGTGCCT,0,
CCTGTGACAAATTGCCCTCAG,0,
CCTGTGACAAATTGCCCTCAG,0,
AGCCCTTAAAAAGGAGCT,0,
GCTCCTTTTTAAGG,0,
GGGCACACATGATCT,0,
ATATATGTTCGCAATCGCGAAC,0,
GGGACACATGTTACAG,0,
AGGCAGCCTGTACGGACATC,0,
AAGGGAGGGCGGCGGGAC,0,
CGCGAACTGCGTT,0,
CGACGTCG,0,
CGACGTCG,0,
CGCGTCGACGCG,0,
CGCGTCGACGCG,0,
ATCTCGGGGGCAGGGGGGGG,0,
CAGCTGAGTCGAC,0,
ATATTGCGCAATCCTT,0,
CAGTCTAATCTCATCAAGTCG,0,
CGGGACGTTTTTTGTC,0,
AGAGCU,0,
AGAGC,0,
GACU,0,
CGAG,0,
TGCCTTTGC,0,
TTGAATTTTGTTC,0,
TATTATTACC,0,
CAAGGGGTTACCCCCTTC,0,
GAAGGGGGAGTCCCCTTG,0,
CGGCCGTCGAAGACCCGCGAAG,0,
AAGCACTGAGCGATGAAGT,0,
ATGAATCGGCGCCCGAACAGGG,0,
CGGGCATGCCC,0,
GGGCATGCCCGGGCATGCCC,0,
TTGACGTACTCAAGTGCGTACG,0,
CGCGAATTCGCG,0,
TTGGGGTAAGGCTCGCTACAAC,0,
CGUGAATTCGCG,0,
AGGGAGAGGAGAGCTCTGGGTT,0,
CTCAGCCTCCCGACTC,0,
CGACGACGACGACGATG,0,
CAGTCTAGACTCTTCTACGT,0,
TTAGGTGGGTAGGGTGGGCTAG,0,
GCCGCGTGATCACGCGGC,0,
AGCTCGT,0,
AUCGAGAGGCU,0,
AUCGAGAGGC,0,
GTCATGACCAGAGAGAAGGG,0,
CCTGACCAGG,0,
TGTCAATATTTGACATT,0,
CGATCGGGTGTGGGTGGCGT,0,
GGGTT,0,
TTAGTTGGGGGGTGACTGTT,0,
AUCCAGAAACGGAUGGAU,0,
CTAAGAGCTAATAGAAAGGCT,0,
AGGGGTTACCCCC,0,
ATTAGTTAACATATTAACTAT,0,
GGCCTGGGCCTG,0,
GCGGTTGGTGGTAGTTACGTTC,0,
GGGG,0,
CCTGCATCCGTAGGGCGAGG,0,
TATAATGGGAGCTGTCAGGGAT,0,
ACAAGCGATGAAGAATTAGAAT,0,
TTTTGTGATAAATTTCTCAAAT,0,
CTTTGCTTTG,0,
ACCGCGTGGGGC,0,
GCACCGCGTGGGGCC,0,
GGACCCACGCAGC,0,
TACCCCCCCTTCGGTGCTTTGC,0,
ACACACGTGTGT,0,
GTACUTCATG,0,
ACAGGCGCCTGT,0,
TATTTCCCGGGAAAT,0,
TTTTTTGGGTGGGTGGGTGGGT,0,
GGACCGGTCC,0,
GCGTACGC,0,
CGCGACCTCGCG,0,
CAGTGC,0,
TACTG,0,
CAGTGCT,0,
CCGTGAGCTCTGC,0,
TTCTTTGTGCACCTG,0,
GCACCTG,0,
UGCUCCUAGUACGAGAGGACCGGAGUG,0,
UGCUCCUAGUACGAGAGGACCGGAGUG,0,
GGACCTTGGTCC,0,
GGACCCCGGTCC,0,
CGTAGCGGATCG,0,
CUUGUCUGACACG,0,
CAGCAGGCUAAGGCAUGAAAGTGCTATGCCTGCTG,0,
GGCGAAGAACCGGGGAGCC,0,
GCTTTTTCATTCATAACC,0,
TTATTGCTGACAATCACGGAGG,0,
TTGCGGGTTGGTAATCACTTCG,0,
GGGGTGGGAGGTGGGT,0,
ATAGTCGCTCCAGGC,0,
GTAAGCAGCATC,0,
AGCGTCATG,0,
AAAAATC,0,
TAAGGGAGGGCGGGAGGG,0,
AATGATGTTCATACTTTAGTCT,0,
CGAAATATCTATAGATATTTCG,0,
ATACCGTAAAAATAATTTACTG,0,
AACTATTTATAAG,0,
UUUAUUCC,0,
UUUGUUCC,0,
UUUCUUCC,0,
GCTTTCTCGGTTTCAGTTG,0,
CCGACUTCGCATCAGC,0,
TAGTCTACT,0,
AGATAATGCCAACAGT,0,
GTTGATCACTTAAATATTAAGT,0,
ATAACTGAAACCGAAAGTAC,0,
AATTGGTAGATGATATTCGTGT,0,
AGGGAGGTGTGGCCTGGGCGGG,0,
TAAATTCTGATTAGGAAT,0,
AGCTTTCTCGGTTTCAGTTG,0,
GGGACCCTTCATGTTT,0,
GGGACCCTTGATGTTT,0,
GCTAGGGTGGGTGGGTCAG,0,
TGGCTAGGGTCAGGGTGGGTC,0,
GCTAGGGTCAGGGTGGGTCAG,0,
CCTCATGCAT,0,
GCGCTGGTCAAGGCG,0,
TTTTTTCT,0,
GGCTTAGGCTTAGGCTTAGG,0,
CTCGAGCAACATGTTGGGACAT,0,
AGAGCCAGCTTGCCCACCCATG,0,
CGTGTCAGATTATCTGACACG,0,
CGTGTCAGATAATCTGACACG,0,
TTAGGGTTAGGG,0,
CGACG,0,
ATGCGGCCGCAT,0,
CCGCGCCTGTGGGATCTGCATG,0,
AACAGTGGCCGTGGTC,0,
CGCGCUCUCGCG,0,
CTCCAATATGTGATATAATAT,0,
TTACTGCACAGGTGACG,0,
TACTGCACAGGTGACG,0,
CAGTAC,0,
CAGTACC,0,
GCGTTAGGTGT,0,
CACCTAC,0,
CACCTACG,0,
AGAAAT,0,
AGAAAC,0,
GTATTGACACCTATTGAC,0,
CCTGCATGTGAAAAT,0,
CCCGCTTGACAGCCACCG,0,
GTTTCCCTTTCGCTTTCAGGT,0,
CTCTTGAACGCGGTT,0,
CATGGC,0,
CCGACTCGCATCAGC,0,
GCTAATGCGC,0,
GCTCATGCGC,0,
GGTTGGTGCAAAAGTAATTGCG,0,
AAGAAGAAG,0,
TGTTAGGTACCTAAC,0,
AAATTTGTTTACTC,0,
GAGTAAACAAATTT,0,
AG,0,
TCGATAATAAATATTT,0,
TCGATAATAAATATT,0,
ACTTGTTTACATTTTG,0,
GGCCCTACGGCTGAAAGCCGT,0,
CGCGAACTGCG,0,
CGCACGTCAG,0,
CGCGAACTGCGTT,0,
GCGCACCATGATTACGAATTGC,0,
CGCACGTCAG,0,
GCCTGCACGAAGTAAGCAATGC,0,
TGCCTGCACGAAGTAAGCATAT,0,
CGGGCATGCCG,0,
GCCTGCACGAAGTAAGCATGCT,0,
CGCGAATTGCG,0,
CGCGAATTGCG,0,
GGGACGCAUAAAGAUGAGACGCGUUUUAGAGCUAGAAAUAGCAAGUUAAAAUAAGGCUAGUCCGUUAUCAACUUGAAAAAGUG,0,
TACTTCCTCGGTTTCATCGTCC,0,
TGAGGGCGGTGTGGGAATAGGG,0,
GTGGTTATGTTTT,0,
CCCCCCCCCCC,0,
GTGGTTATG,0,
GGGGCCGGGGCCGG,0,
AGTAGCACGTGCTACT,0,
TAATATTAC,0,
AAAG,0,
AGGGTTAGGGTTAGGGTTAGGG,0,
UCCGACC,0,
UCCGACG,0,
CATTGAATAAAATTGGGTG,0,
GTCTCTGCTAGATCGTCAGC,0,
CAAGAGCCTGATCGGACAAGCG,0,
CACGAGCCTGATCGGACAAGAT,0,
CAAGAGCCTGATCGGACAAGC,0,
TCCGCTAGCGAGTTAGCCTAG,0,
CTTAGCATAG,0,
AACCTACTTGGCAGGACGACT,0,
AACCTACCTGGCAGGACGACTC,0,
AACCTACCTGGCAGGACGACT,0,
CCGTAC,0,
TCTGATGT,0,
CCGT,0,
GTACTCAGCATCTGATGT,0,
GAGCGACCTGTACGGACATC,0,
CCGAAATTTCGG,0,
GAGCAGCCTGTUTGGACATC,0,
GAGCAGCCTGTCTGGACATC,0,
GAGCAGCCTGTUTGGACATC,0,
GAGCAGCCTGTTTGGACATC,0,
GAGCAGCCTGTCTGGACATC,0,
GAGCAGCCTGTCTGGACATC,0,
GGACCTCATAAAACAC,0,
GCGGCTGTCATTG,0,
CGCGGGCGCG,0,
CCGGTTATACTATCTGT,0,
TTTTTTACGCGAAGCGTG,0,
ATTATGGGGGGGCCTCT,0,
TACACGGGACCAC,0,
TACTGGGGACCAC,0,
TAGTGGGGACCAC,0,
TGGGGACCCAC,0,
TGGGGGACCAC,0,
AGGAUAGGAGAAGAUGAUGUAUAGUUUUAGAGCUAGAAAUAGCAAGUUAAAAUAAGGCUAGUCCGUUAUCAACUUGAAAAAGUG,0,
ACC,0,
GGCCACC,0,
ACC,0,
ACC,0,
GGAAATATTATATTCC,0,
GGTAATATTTCC,0,
GGAATATAATATTTCC,0,
GGAAATATTACC,0,
GGGGCAAAACUCAACCCUACCCCGUUUUAGAGCUAGAAAUAGCAAGUUAAAAUAAGGCUAGUCCGUUAUCAACUUGAAAAAGUG,0,
GGGGAAUCCCUUCUGCAGCACCGUUUUAGAGCUAGAAAUAGCAAGUUAAAAUAAGGCUAGUCCGUUAUCAACUUGAAAAAGUG,0,
GGGGGAAUCCCUUCUGCAGCACCGUUUUAGAGCUAGAAAUAGCAAGUUAAAAUAAGGCUAGUCCGUUAUCAACUUGAAAAAGUG,0,
GGGGGGCCACUAGGGACAGGAUGUUUUAGAGCUAGAAAUAGCAAGUUAAAAUAAGGCUAGUCCGUUAUCAACUUGAAAAAGUGC,0,
GGAGGTCGTGAGTGAT,0,
AGCTTGTTATATGTTCGATGTT,0,
GCGAGTAATGTTAC,0,
GATCTACTAGTGATCT,0,
GCTGCTGAGTCACTGT,0,
GTTGCTGACTCATCAT,0,
TCTCTACTGTGGATGAAC,0,
AAGACATATTCTCATTGTGAGC,0,
CTCAATCCACAATCTG,0,
AGATTGTTTATTGAG,0,
TCTCAGTAAACAATCT,0,
TCTCAATAAACAATCT,0,
TCGCAATCCACAATCT,0,
TCTCAATCCACAATCT,0,
TCTCAATACACAATCT,0,
CCATATAGC,0,
CCATTATAGC,0,
TTGTGTTTTATGACGTCC,0,
TCGTCTTTCTTAAG,0,
TGTCCAAAGTCT,0,
TGTCCAGTCT,0,
TCGAAAACCCGCACTATTGC,0,
CTGTTGCAATAGTGCGGGTTTT,0,
TTGTCACGTGAC,0,
TTGACACGTGTC,0,
TTCGCACGTGCG,0,
TTTTCACGTG,0,
TTTCCACGTGG,0,
TTATCACGTGAT,0,
CTTCCGCTTGAC,0,
AGCGCGT,0,
ACGCGCT,0,
AGCCCGT,0,
AGCACGT,0,
AATCC,0,
AGGGAAAAGGGGAGGGAAAAGG,0,
GAGGGAGGGAGGGAAAAGGGG,0,
CCGCAGCCTGTACGGACATC,0,
GAGGAGCCTGCGCGGACAGAG,0,
CTGACCTTTGACCTCTGC,0,
GGCAGAGGTCAAAGGTC,0,
GCTCGGCTUCGG,0,
TAACTAAG,0,
TAACTAAT,0,
ATGGGACTTTTTG,0,
AGCCAGCCTGTACGGACATC,0,
GGACAGCCTGTACGGACATC,0,
CAGCAGCCTGTACGGACATC,0,
AGGCAGCCTGTACGGACATC,0,
ATTTTATTTT,0,
GATATTAATATC,0,
GGTCCGTCGGACC,0,
AAGCAGCCTGTACGGACATC,0,
GGCAGCCTGTACGGACATC,0,
GAGCAGCTGTGACGGACATC,0,
GCGCAGCCTGTACGGACATC,0,
GCCCACCACGGC,0,
ACGCAGCCTGTACGGACATC,0,
GGAGTGCGCACTCC,0,
CTGGCTGCCTGCC,0,
GAGCCTACCCTGTACGGACATC,0,
GAGCAGCCTGT,0,
AGGCCTACCCTGTACGGACATC,0,
CGATCGATGC,0,
GCATCGATCG,0,
GCATCGATCG,0,
AGCGTCAC,0,
AGCGTCAG,0,
AGCGTCAUG,0,
AGCGTCAU,0,
GGGAATCGAATCGCCGC,0,
GGTAAAAGACCCCTCCCCAAAT,0,
GGTAAAAGACCCCTCCCC,0,
CAGGGAGGGT,0,
AAAAGTCGCCGAAAAGTCGCCG,0,
TACAGAACATTTTGTCCGTCG,0,
GTACAGAACATTTTGTCCGTCG,0,
GGGGTGGGTGGTGGGT,0,
GGGGTGGGGGGTGGGT,0,
GGGGTGGGCGGTGGGT,0,
CCGGGTACCCGG,0,
GCTGGATATATCCAGC,0,
CGTTCGTTTTTCCGTTCCGT,0,
CGTTGTTTTTCCGTTCG,0,
CGAGCGAGCGAGCGAAAGCACG,0,
GAGACGAGCGAGCGAAAGCACG,0,
CGCGCG,0,
TCCCCC,0,
CGTGG,0,
CGCTT,0,
CGCTTAAGGAATTCGC,0,
GTACCAGCCGAACCTG,0,
CGTTCC,0,
CGTGGG,0,
CGCTGGTGGTTCG,0,
ATGAGGGGCGGGGT,0,
CGCAATTCGCG,0,
AGGCTCACACCT,0,
ACGCGTCAGCTGTTGCGC,0,
GTTTCACCTTTGTCCTC,0,
ACGCGTCAGCTGACGCGC,0,
GGTGGGGCTCGCCCCACC,0,
GGTGGGGCAGGCCCCACC,0,
GGTGGGGCTAGCCCCACC,0,
GGTGGGGCGTGCCCCACC,0,
GGTGGGGCGCGCCCCACC,0,
GGTGGGGCCGGCCCCACC,0,
GGTGGGGCACGCCCCACC,0,
GGTGGGGCATGCCCCACC,0,
GGTGGGGCCCGCCCCACC,0,
TGTTACGTGTGCCGTACGTAAC,0,
AACCTGTGACAAATTGCCCTC,0,
ATAATTACCTGTGACAAATTGC,0,
ACCCGGACCTGTGACAAATTGC,0,
GATGTGAT,0,
GCGTACAC,0,
ACCTGTGACAAATTGCCCTCAG,0,
CGATGC,0,
CGCCGGGGTCGAAGACTGCCAG,0,
CGCCG,0,
TAAGGACCCAGAT,0,
TAGACATGGACGG,0,
CTCTCGCGAGAG,0,
CATGATCATG,0,
GAGCATGCCTGT,0,
CTCTCGCGAGAG,0,
GTACGCACCAAGCGTAC,0,
CGCCATCTGTACGCTTGGTGCG,0,
ACCTGTGACAAATTGCCCTC,0,
CCG,0,
CTTAGTAGGGATGATGCGGTAG,0,
CTTAGTAGGGATGATGCGGGAG,0,
CTTAGTAGGGATGATGCGGCAG,0,
CGCCCGTGCCCTGCGCCCGC,0,
GUAAAAG,0,
AGUGUAAG,0,
AAG,0,
TTTTTAATTAAAGCTCGCCATCAAATAGCTTT,1,
TCAAGGTCGCAATTTCGAGCAGAACTTAAGA,1,
GGAATCGTGGGTGGTAGGGTAGGGGATGCA,1,
CAGCGCCAAAGGCGGAAGC,1,
GGTGGTGGGGGGGGTTGGTAGGGTGTCTTC,1,
ACTTTTGAATGTGGCAACAAATTCGACAGG,1,
GGTTGGTGTGGTTGGAAAAAAAAAAAAAAA,1,
GTGGAGGCGGTGGCCAGTCTCGCGGTGGCGGC,1,
GGTGGCAGGAGGACTATTTATTTGCTTTTCT,1,
GTATTGCGGAGGAAGGTTTTTAACCTTCGGGG,1,
GGGATACTATGCGTCCGACCGCTCGGACG,1,
ACTCATCTGTGAGACTCACTATAGGAAGAGATGTCAACTCGTGCACGAGTTGACATCTCTTCTCCGAGCCGGTCGAAATATTGGAGGAAGCTCGAGCTGGAGGAAAAGTGAGTCTCACAGATGAGT,1,
TAATACGACTCACGTATAGGGAATTCGTCGACGGATGCGGGCGATCGGCGGGGGGTGCGTGCGCTCTGTGCCAGGGGGTGGGACAGATCATATGGGGGTGCTCAGGTCGACGCATGCGCCG,1,
TCTCGGACGCGTGTGGTCGGCGGGTGGGAGTTGTGGGGGGGGGTGGGAGGGTTCTTTGTTTGATCTTTCTCGCTGCCTGGCCCTAGAGTGTCGCTGCCTGGCAGAGTG,1,
GGGCCGTTCGAACACGAGCATGCCGGTGGGTGGTCAGGTGGGATAGCGTTCCGCGTATGGCCCAGCGCATCACGGGTTCGCACCAGGACAGTACTCAGGTCATCCTAGG,1,
GGTAATACGACTCACTATAGGGAGATACCAGCTTATTCAATTTTACAGAACAACCAACGTCGCTCCGGGTACTTCTTCATCGAGATAGTAAGTGCAATCT,1,
GCGGGATCCTATGACGCATTGACCCACAACACACTACTGTCGCTCGGTTCGAACTTCGTGCGACTGTTCCCTATAGTGAGTCGTATTAGAATTCCGC,1,
ATACCAGCTTATTCAATTTGAGGCGGGTGGGTGGGTTGAATATGCTGATTACCCCATCGGAGAACGTTAAGGCGCTTCAGATAGTAAGTGCAATCT,1,
CCTTCGTTGTCTGCCTTCGTAGCGGATCGAATTACGCGTTAACGGCAACCGATAACGGGACCGATTGCACACCCTTCAGAATTCGCACCA,1,
GCAATGGTACGGTACTTCCGCGGTCCGGGGTGGGTGGGTGGTGGGGGGTGCGGGGGGGCGGCCGCAAAAGTGCACGCTACTTTGCTAA,1,
GCAATGGTACGGTACTTCCGCGCCCTCTCACGTGGCACTCAGAGTGCCGGAAGTTCTGCGTTATCAAAAGTGCACGCTACTTTGCTAA,1,
TCTCGGACGCGTGTGGTCGGGTGGGAGTTGTGGGGGGGGGTGGGAGGGTTCTTTGTTTGATCTTTCTCGCTGCCTGGCCCTAGAGTG,1,
CTTCTGCCCGCCTCCTTCCTAGCCGGATCGCGCTGGCCAGATGATATAAAGGGTCAGCCCCCCAGGAGACGAGATAGGCGGACACT,1,
ATAGGAGTCACGACGACCAGAACCGTAGGTTCGGGGCGGAGTGGTCCGGAAGGTGGCGTGGTATGTGCGTCTACCTCTTGACTAAT,1,
ATCGTCTGCTCCGTCCAATATATCAAAGGCGAATTTTGTCAAGGTGTTAAACGATAGTCCCTACCTTTGGTGTGAGGTCGTGC,1,
GGGAGACAAGAATAAACGCTCAAGGGCGTGGTGGGTGGGGTACTAATAATGTGCGTTTGTTCGACAGGAGGCTCACAACAGGC,1,
AGCAGCACAGAGGTCAGATGGTGCTATCATGCGCTCAATGGGAGACTTTAGCTGCCCCCACCTATGCGTGCTACCGTGAA,1,
AGCAGCACAGAGGTCAGATGCAAACCACAGCCTGAGTGGTTAGCGTATGTCATTTACGGACCTATGCGTGCTACCGTGAA,1,
GAGGCATACCAGCTTATTATTGGGGCCGGGGCAAGGGGGGGGTACCGTGGTAGGACAGATAGTAAGTGCAATCTGCGAA,1,
ACGTTCGGATCGCACTAGAGCCCAAATCTCAGAAACCCATTCTCTACACACCTTGTACCTTCTGAACGTTCTCACGCA,1,
ACGCTCGGATGCCACTACAGGGGGGTGGTCCTGAGGGTGGTGTGGTTGGTTTGGTTTCCTCATGGACGTGCTGGTGAC,1,
GGTATTGAGGGTCGCATCTCAAAAGGGGTGATTGCTTGCACAATGACAGGGTAGGACAGATGGCTCTAACTCTCCTCT,1,
GGAGGCTCTCGGGACGACGGGCAAGAGGTTTTACTTACCTAAGGAATGTCGTGTCGTCCCGACTCTATGATGACTGT,1,
ATACCAGCTTATTCAATTAGACGAGTTTTATTCATTTTCCATGTCGTAGCTTACCGTGAGATAGTAAGTGCAATCT,1,
CGTACGGAATTCGCTAGCCGACGCGCGTTGGTGGTGGATGGTGTGTTACACGTGTTGTGGATCCGAGCTCCACGTG,1,
CGTACGGAATTCGCTAGCCCCCCGGCAGGCCACGGCTTGGGTTGGTCCCACTGCGCGTGGATCCGAGCTCCACGTG,1,
CGCTCGGATCGATAAGCTTCGCATAGACCCAGCTGGTCCGGAAAATAAGATGTCACGGATCCTCTAGAGCACTG,1,
TGGCAGGAAGACAAACACATCGTCGCGGCCTTAGGAGGGGCGGACGGGGGGGGGCGTGGTCTGTGGTGCTGT,1,
GGCAGGAAGACAAACACCAGGTGAGGGAGACGACGCGAGTGTTAGATGGTAGCTGTTGGTCTGTGGTGCTGT,1,
ATCCAGAGTGACGCAGCATGCCCTAGTTACTACTACTCTTTTTAGCAAACTGGACACGGTGGCTTAGT,1,
ATCCAGAGTGACGCAGCATTTCATCGGGTCCAAAAGGGGCTGCTCGGGATTGCGGATATGGACACGT,1,
ACCGACCGTGCTGGACTCATCTCGCTTTTTTCACGGTCCACACTACTATGAGCGAGCCTGGCG,1,
ACAGCATCCCCATGTGAACAATCGCATTGTGATTGTTACGGTTTCCGCCTCATGGACGTGCTG,1,
GGAGACCGTACCATCTGTTCGTGGAAGCGCTTTGCTCGTCCATTAGCCTTGTGCTCGTGC,1,
GCAATGGTACGGTACTTCCCCACCCCACGCTGCTCCCAAAAGTGCACGCTACTTTGCTAA,1,
GTCAGATTCCACTATAGTAGGTTGGGTAGGGTGGTCGCAGTGGATGATATGTCGTAGGGG,1,
TGTGGGGGTGGACTGGGTGGGTACCTTTTTTTTTTTGTGGGGGTGGACTGGGTGGGTACC,1,
GCAGGACACCGTAACACGGGCTGATGCTCTCTTTATTTTACCTAAATAAAGTGTCCTGC,1,
CCGCCCAAATCCCTAAGAGAAGACTGTAATGACATCAAACCAGACACACTACACACGCA,1,
GAGACCGTACCATCTGTTCGTGGAAGCGCTTTGCTCGTCCATTAGCCTTGTGCTCGTGC,1,
ATCTCGAGTCATAGGGGGCGCGAACATACGCGGTTGGTGTGGTTGGCTGACTCGT,1,
TCGCGCGAGTCGTCTGGGGACAGGGAGTGCGCTGCTCCCCCCGCATCGTCCTCCC,1,
AAGCTTGCTTTATAGCCTGCAGCGATTCTTGATCGGAAAAGGCTGAGAGCTACGC,1,
CTCTCGGGACGACGGCTGGCACGTTTGGTTCAAGAATGTGGGTGTCGTCCC,1,
TTATGTAGCATTTATGAAATTTTTAAATCAATTTACTATTGGTGGTATCC,1,
GGGCAGGCAACCTCCCACTATTGAAGACACTACCACCACCACTGCACACA,1,
TTTTTTTTGGGCGAAGACCGGGACGGGAGGAAAGAGATGTTTGGTTTT,1,
ATCTACGAATTCATCAGGGCTAAAGAGTGCAGAGTTACTTAGCCCGTGA,1,
CCAAACGCGCTGGTTTGGAATGCTTAGAGTTTGATCGATGCCTAA,1,
CCGTGTCTGGGGCCGACCGGCGCATTGGGTACGTTGTTGC,1,
GAAGACGAGCGGCGAGTGTTATTACGCTTGGAAACAACCCC,1,
GCGGGGTTGGGCGGGTGGGTTCGCTGGGCAGGGGGCGAGTG,1,
AGCGATACTGCGTGGCTGGAGGCGGGTAGGGCCAGAGTTC,1,
TCGGCTTCGGGTACCTATTATCGGTTTAGCCCAGTCAGAA,1,
GGGTAGCAGCCCCGCGGAGGGTCGGCTATAAGAACCAAGA,1,
ACTAGGACGCTTGGGAGGGGGGGTGGGGTGTCCGGTCGCG,1,
CCCTCCTTTCCTTCGACGTAGATCTGCTGCGTTGTTCCGA,1,
GCTATGGGTGGTCTGGTTGGGATTGGCCCCGGGAGCTGGC,1,
GGGGTGGTGGGTTCTTTTTGTGGTATTGGTGTGGGGGGCA,1,
AGCAAGGTTTGGTGTTGGTTGGTTGCTGGTTTTGGTTTC,1,
CGGTCGCTCCGTGTGGCTTGGGTTGGGTGTGGCAGTGAC,1,
AAGCGCGCGAGACTACGTTTGTAGGGATACCGATGTCG,1,
GTTCGATTGGATTGTGCCGGAAGTGCTGGCTCGAAC,1,
GGTATAGACCCCTGAGTCCTACCGAGGGCACGGCA,1,
GCTCAACGCGGGACGGCTCTCCCATTGAC,1,
CAATTGGGCCCGTCCGTATGGTGGGT,1,
TGTGGGGGTGGACGGGCCGGGTAGA,1,
CCTGGGGGAGTATTGCGGAGGAAGG,1,
CACGGCATGGTGGGCGTCGTG,1,
ACAGTAACCGCGTGAGGTCGA,1,
GCGGGCGGTTGTATAGCGG,1,
ATGGCCAGGGGGGAGGGG,1,
GGTTGGTGTTGTTGG,1,
TGTCCATTAACGCCC,1,
GGGAGGGTGGGTGGGT,1,
CTGTTTGGTAGGCAG,1,
GAGACAAGGGACAAGGAG,1,
ACTGCTAGAGATTTTCCACAT,1,
AACGTGGGAGGGCGGTGGTGTTGAA,1,
GGTGGTGGTGGTTGTGGTGGTGGTGG,1,
AGGGACGGGCTAAGTAACTGTGGAGGGT,1,
CTCCCAGGCCGTTGGGGCGTTGCCTGCGT,1,
GCGCGGTACCGCGCTAACGGAGGTTGCGTCCGT,1,
TCGGAATGAATGTCTGCCTTGCACTGGTGCGGTCC,1,
ACCATCTGTGTAAGGGGTAAGGGGTGGGGGTACGTCT,1,
CGCCCGTGTTTATCCGTTTGCTCTTAGTGGCACGGGGG,1,
CACAGGCTACGGCACGTAGAGCATCACCATGATCCTGTGT,1,
GCGTGCAGCATGACCACCGATGTCACACTTAATGAGAAT,1,
ACGTACCGACTTCGTATGCCAACAGCCCTTTATCCACCTC,1,
GGCCTGGTCTGTTAGCCGGGTAGCAGCCCCGGCACCTATT,1,
CTCCTTCAACGAAGTGGGTCTCCTTCAACGAAGTGGGTCTC,1,
GACGACGCCCGCATGTTCCATGGATAGTCTTGACTAGTCGTC,1,
TATGGCGTGGCAAGCTTGGCCCGCTTCTCAAGCATGGTTATCTAC,1,
ATTTCGCCCCCGTGTTCCGACTGGTATCTTCACGTCTTCGAGTGT,1,
GTACTGTCAATTGGAAGTGGTGTTACGTTGTGTAGTCAAATCAGTGC,1,
CGCAGCACCCAAGAACAAGGACTGCTTAGGATTGCGATAGGTTCGG,1,
AATTCGCTAGCTGGAGCTTGGATTGATGTGGTGTGTGAGTGCGGTGCCC,1,
TGCTTTTCGTGCGCGCATAAAATACCTTGATACTGTGCCGTATGAAAGCG,1,
GAAGAGTAGATGAAACGTTTTTTCGCCCGATAAAAGGGACGTGCGTCAGACA,1,
CTCTCGGGACGACCGCGGTAGTCTTAACCTAAAGCGGTGTCAGGTCGTCCC,1,
ATCGAGTGTGTACGGGGTCCGGTAGGGTGGCGAGGTCTTCCTGTCGTAGCAGGATCCA,1,
TCGCGCGAGTCGTCTGGGGGACTAGAGGACTTGTGCGGCCCCGCATCGTCCTCCC,1,
GATAAACGCCTTGATTAAAGGCCCAGTTCTTTAGGCCTACACGTGCTGCGACATTAATT,1,
CTTGAGTGTCATGGACGTTCCGGTCTTGGGCGGGATATTTGTTTGTTTTCTGCCTATGTT,1,
CAGCGCTAGGGCTTTTAGCGTAATGGGTAGGGTGGTGCGGTGCAGATATCGGAATTGGTG,1,
TGCGTGTGTAGTGTGTCTGCATGCCCCTGTAATCGCCCATGGGTAGCCTCTTAGGGATTTGGGCGG,1,
GATGTGCGTTGTCGAGACCTGCGACCGGAACACTACACTGTGTGGGGATGGATTTCTTTACAGTTGTGTG,1,
TCGCCTTGCCGGATCGCAGATGCTGTTGTCACCTGCCTCGTCTCCCTCGTUGGUCCGUGAGCCUGACACC,1,
GCGTTTTCGCTTTTGCGTTTTGGGTCATCTGCTTACGATAGCAATGCTCGGCAAAAAAAAAAAAAAAAGCCG,1,
GCCAGGGGTTCCACTACGTAGAACACGACGGGAATACTGACTCTCCCCCATGTACCAGGGGGCAGAGAGAAGGGC,1,
TTCTCGGTTGGTCTCTGGCGGAGCGATCATCTCAGAGCATTCTTAGCGTTTTGTTCTTGTGTATGATTCGCTTTTCCC,1,
TACGACTCACTATAGGGATCCGTGACTGTACGGGCTCAGTCGTTACTTGAGAGTTGAATTCCCTTTAGTGAGGGTT,1,
TCGCACATTCCGCTTCTACCGGGGGGGTCGAGCTGAGTGGATGCGAATCTGTGGGTGGGCTTCGCACACACGGACTTAC,1,
TAGGGAATTCGTCGACGGATCCGGGGTCTGGTGTTCTGCTTTGTTCTGTCGGGTCGTCTGCAGGTCGACGCATGCGCCG,1,
ACGCTCGGATGCCACTACAGGTGGCCAGTCACTCAATTGGGTGTAGGGGTGGGGATTGTGGGTTGCTCATGGACGTGCTGGTGAC,1,
AACCGCCCAAATCCCTAAGAGTCGGACTGCAACCTATGCTATCGTTGATGTCTGTCCAAGCAACACAGACACACTACACACGCACA,1,
GCAATGGTACGGTACTTCCGGGCTGGCCAGATCAGACCCCGGATGATCATCCTTGTGAGAACCACAAAAGTGCACGCTACTTTGCTAA,1,
CTATAGCAATGGTACGGTACTTCCTAACTCGTCCCTACCGAGCCTCTCTCTGGTCCTTGCAACTCAAAAGTGCACGCTACTTTGCTAA,1,
AGATGCCTGTCCAGCATCGAGCGCCAGCTTTGCTGATGGGTGGCCACCCTTGCCCTGGGTTTGAATTTCGATCCTATCGGTAGCTAGACTGCTTTGTCCTCG,1,
GTACGAATTCACGAGGTTGCCAGCGGGGCCAGCCACTTCTGTCAGTGAATTCCTGCTCGTATATCTACTCGCCCGCCTGCGAGCATGGAGTCGGATCCTCTA,1,
ATACCAGCTTATTCAATTAGGCGGTGCATTGTGGTTGGTAGTATACATGAGGTTTGGTTGAGACTAGTCGCAAGATATAGATAGTAAGTGCAATCT,1,
GTCTGAAGTAGACGCAGGAGTGAACCCACCTCAGGGCATCTTACATTTCTTCTAAGTTGTTACCATGTTTAGTCACACCTGAGTAAGCGT,1,
AGCTCAGAATGGATCCAAACGCTCATAACTCACTCCATACTCACTTGCTGATTCGCCAACAACACACCCTTAAACAGTCCCTTCGACATGAGAATTCGGCCGGATC,1,
GTACCAGCTTATTCAATTACCGCGAAGAAGTGTCATTGTTTTGGAGATTCGAAGCGCTGTACACAGGTAATGAAGCCTTCTAAGATAGTATGTTCATCAG,1,
ATCGTCTGCTCCGTCCAATATGATGACACCTGCATAATTTATAGTGAGTCTTGATTCACGCTGCATTTGGTGTGAGGTCGTGC,1,
ACCCCTGCATCCTTTGCTGGAGAGGAATGTATAAGGATGTTCCGGGCGTGTGGGTAAGTCAGTCTAGAGGGCCCCAGAAT,1,
CTACCTACGATCTGACTAGCCAAGGTAACCAGTACAAGGTGCTAAACGTAATGGCTTCGGCTTACTCTCATGTAGTTCC,1,
CGCTCGGCTTCACGAGATTCGTGTCGTTGTGTCCTGTACCCGCCTTGACCAGTCACTCTAGAGCATCCGGACTG,1,
TACCAGTGCGATGCTCAGGCCGATGTCAACTTTTTCTAACTCACTGGTTTTGCCTGACGCATTCGGTTGAC,1,
CATGCTTCCCCAGGGAGATGACCGGGGCGTACACCGTCGCGGCACATGTCTGAATGCGTTTAGTCTCTGTGG,1,
GCGGCGGTACCAGGTCAAAGGTGGGTGAGGGGACGCCAAGAGTCCCCGCGGTTACATAGAG,1,
CACGCAACAACACAACATGCCCAGCGCCTGGAACATATCCTATGAGTTAGTCCGCCCACA,1,
CTCTCGGGACGACCACTACGCATAGTTTCTATCGCCAGGAAGGGTCGTCCC,1,
TGGGGGGCAAGCAATTGGTGTGTGGTGTAGCATCCCCCTGTACCGCGCGGG,1,
AATAGTCTGGTTCGGTGCTTGGTGCGATGTGTTAGTCAGACTCTTGTGTG,1,
TGTAATTTGTCTGCAGCGGTTCTTGATCGCTGACACCATATTATGAAGA,1,
GAGGCTCTCACATCGCGCCTTTCCCCAGCTTTCGGTGTGAGAGCCTC,1,
GTGACGCAGCAGCTACTTGGGCCCTGGTTTCTGTGCTGGACAC,1,
CGCAATACCAAAGTGGCGAGAGCGCTGTCTTGAGTGAGTGGTTGG,1,
GACAAGGATAAATCCTTCAATGAAGTGGGTCACTCATCTGTGA,1,
CTCTCGGGACGACAGCCGAGTTGATTCAACAGCCGAGTCGTCCC,1,
GGACCGACCCTTTAGCATTTATGACCCTTGTCATCGGGCT,1,
CTCCCATGCTATTATGGCTAGCGCAGGAGGCCACACCGGA,1,
GGACGGTTGCGCTATATTTAACCAAAAGTCTGGATTAACA,1,
ACTCCGTCATCTTTAGTGGCCCCAATGTCGTTATCACCGA,1,
GAACTCATTGGCTGGAGGCGGCAGTACCGCTTGAGTTC,1,
TTTTTTATCAGGGCTAAAGAGTGCAGAGTTACTTAG,1,
GGGGTTGGTTGTGTTGGGTGTTGTGTCCAACCCC,1,
TGCGGTTGTAGTACTCGTGGCCG,1,
ATTGGGAGGGATTGGGTGGG,1,
GGGTGGGTGGGTGGGT,1,
ACTCACTATGGAAGAGATGGCGACATCTCTTCTCCGAGCCGGTCGAAATAGTGAGT,1,
CCCTAGTTAGCCATCTCCC,1,
